Date,Day,Temp_avg,Dew_avg,Hum_avg,Wind_avg,Press_avg,Value (kWh),notes
2016-06-01,1,74.8,71.4,89.4,9.5,29.8,29.691,weekday
2016-06-02,2,71.2,70.3,96.8,7.8,29.8,28.789,weekend
2016-06-03,3,72.1,70.0,93.6,4.7,29.8,19.247,weekend
2016-06-04,4,71.2,70.0,96.1,7.0,29.7,22.883,weekday
2016-06-05,5,73.8,70.0,88.7,7.7,29.7,25.195000000000004,weekday
2016-06-06,6,76.6,70.8,84.0,4.7,29.7,29.323,weekday
2016-06-07,7,79.6,70.2,75.2,5.0,29.8,30.321999999999996,weekday
2016-06-08,8,79.3,69.0,73.3,4.8,29.8,40.051,weekend
2016-06-09,9,79.2,69.9,75.3,6.7,29.8,38.667,weekday
2016-06-10,10,80.6,73.3,80.0,5.7,29.8,42.467,weekday
2016-06-11,11,82.0,75.0,79.8,5.4,29.9,54.00099999999999,weekend
2016-06-12,12,78.7,74.7,88.0,6.7,29.9,38.413999999999994,weekday
2016-06-13,13,82.5,75.1,80.0,5.0,29.8,36.864999999999995,weekday
2016-06-14,14,85.7,74.6,70.8,6.3,29.8,46.684,weekday
2016-06-15,15,85.2,74.4,72.3,6.1,29.8,41.779999999999994,weekday
2016-06-16,16,86.5,74.6,69.8,6.5,29.9,43.29200000000001,weekday
2016-06-17,17,85.8,75.1,71.9,5.1,29.8,41.361000000000004,weekday
2016-06-18,18,84.8,73.7,71.0,6.6,29.9,46.41,weekend
2016-06-19,19,82.3,71.5,71.1,5.8,30.0,47.559,weekend
2016-06-20,20,82.9,73.6,75.0,5.0,30.0,38.9,weekday
2016-06-21,21,82.7,73.9,76.1,4.1,30.0,34.485,weekday
2016-06-22,22,83.2,73.3,73.5,7.2,29.9,42.401,weekday
2016-06-23,23,83.8,71.0,66.9,6.0,29.9,40.403999999999996,weekday
2016-06-24,24,82.0,73.4,76.2,6.0,29.9,36.68000000000001,weekday
2016-06-25,25,83.1,74.7,76.7,4.9,29.9,42.348,weekend
2016-06-26,26,84.8,73.8,71.3,3.5,29.9,42.57600000000001,weekend
2016-06-27,27,84.8,74.1,71.8,2.0,29.9,42.929,weekday
2016-06-28,28,82.2,73.8,77.2,5.2,29.9,36.660000000000004,weekday
2016-06-29,29,81.6,73.6,78.3,5.2,29.8,35.047,weekday
2016-06-30,30,83.8,72.7,71.3,6.0,29.8,37.931999999999995,weekday
2016-07-01,1,84.9,74.0,71.6,5.7,29.9,43.17700000000001,weekday
2016-07-02,2,86.2,73.1,67.2,5.5,29.9,59.41,weekend
2016-07-03,3,87.1,74.1,66.5,9.5,29.9,63.001000000000005,weekday
2016-07-04,4,87.7,74.8,66.7,9.5,29.9,58.907999999999994,weekday
2016-07-05,5,87.1,75.3,69.3,9.3,29.9,45.24,weekend
2016-07-06,6,87.0,74.4,67.6,9.9,29.9,43.361,weekday
2016-07-07,7,87.3,75.2,68.9,9.6,29.9,41.83200000000001,weekday
2016-07-08,8,87.0,74.0,67.2,7.9,29.9,43.315999999999995,weekend
2016-07-09,9,86.6,74.6,69.3,7.1,29.9,48.884,weekday
2016-07-10,10,86.0,74.0,69.7,7.4,29.9,44.535,weekday
2016-07-11,11,87.3,72.6,63.8,11.1,29.8,43.727000000000004,weekday
2016-07-12,12,87.4,74.0,66.1,9.6,29.9,43.278000000000006,weekday
2016-07-13,13,88.3,74.6,65.7,8.9,29.9,47.16,weekday
2016-07-14,14,86.7,73.8,68.2,7.4,29.9,48.224,weekday
2016-07-15,15,87.2,73.1,65.8,6.9,29.9,16.695999999999998,vacation
2016-07-16,16,86.0,72.3,66.3,5.6,29.9,16.299,vacation
2016-07-17,17,84.7,73.0,69.3,6.0,29.9,14.245999999999997,vacation
2016-07-18,18,84.1,75.0,75.0,3.5,30.0,13.84,vacation
2016-07-19,19,82.7,75.4,79.3,5.3,30.0,12.329,vacation
2016-07-20,20,85.6,74.0,70.8,3.9,30.0,15.785999999999998,vacation
2016-07-21,21,86.8,71.9,64.8,3.9,30.0,19.101000000000003,vacation
2016-07-22,22,87.5,72.6,64.0,3.4,29.9,64.973,weekday
2016-07-23,23,87.5,73.8,65.4,5.5,29.8,62.58899999999999,weekend
2016-07-24,24,88.3,73.9,64.4,5.5,29.8,56.824999999999996,weekend
2016-07-25,25,85.7,74.0,69.2,6.7,29.8,39.835,weekday
2016-07-26,26,81.1,74.6,81.4,5.1,29.8,33.56400000000001,weekday
2016-07-27,27,79.7,74.6,84.6,4.4,29.9,40.543000000000006,weekday
2016-07-28,28,81.0,75.2,83.5,4.7,29.9,35.123000000000005,weekday
2016-07-29,29,84.5,74.0,72.7,4.4,29.9,50.193,weekday
2016-07-30,30,85.8,73.8,69.7,4.2,29.9,59.391,weekend
2016-07-31,31,85.9,75.0,71.2,5.6,29.9,52.989000000000004,weekend
2016-08-01,1,86.5,73.3,67.3,6.0,29.9,50.057,weekday
2016-08-02,2,87.3,73.9,66.3,4.6,29.9,47.57,weekday
2016-08-03,3,87.4,73.8,66.4,4.5,29.9,49.565999999999995,weekday
2016-08-04,4,87.1,74.4,68.0,4.8,29.8,49.523,weekday
2016-08-05,5,87.1,74.2,66.9,4.1,29.8,48.770999999999994,weekend
2016-08-06,6,87.6,72.8,64.1,5.8,29.8,55.993,weekday
2016-08-07,7,88.5,73.0,63.2,5.2,29.8,61.38000000000001,weekday
2016-08-08,8,88.0,73.1,64.1,5.0,29.8,48.94499999999999,weekday
2016-08-09,9,89.0,74.4,64.4,6.3,29.8,54.937999999999995,weekday
2016-08-10,10,89.4,74.7,64.2,5.7,29.8,57.279999999999994,weekend
2016-08-11,11,89.8,75.7,65.8,8.0,29.8,56.953,weekday
2016-08-12,12,87.8,74.8,67.6,8.4,29.7,57.734,weekday
2016-08-13,13,82.8,75.4,79.9,8.0,29.7,51.980999999999995,weekend
2016-08-14,14,77.3,73.1,87.2,4.7,29.8,36.371,weekend
2016-08-15,15,78.6,74.8,88.4,6.1,29.9,34.397,weekday
2016-08-16,16,76.8,74.4,92.4,6.6,29.9,29.62,weekday
2016-08-17,17,77.3,73.8,89.2,8.3,30.0,29.669999999999998,weekday
2016-08-18,18,78.1,74.9,90.2,5.1,29.9,27.956999999999997,weekday
2016-08-19,19,81.8,74.8,80.5,6.0,29.8,33.474000000000004,weekday
2016-08-20,20,81.9,74.8,79.7,5.7,29.8,38.245000000000005,weekend
2016-08-21,21,80.7,74.5,81.9,5.9,29.9,40.958000000000006,weekend
2016-08-22,22,78.3,74.7,89.5,6.3,30.0,34.785000000000004,weekday
2016-08-23,23,83.1,76.0,80.5,7.6,30.0,42.85200000000001,weekday
2016-08-24,24,83.0,75.4,79.1,6.2,30.0,50.70099999999999,weekday
2016-08-25,25,79.6,74.6,85.2,5.1,29.9,44.537000000000006,weekday
2016-08-26,26,78.4,73.0,84.4,6.8,29.9,30.320000000000004,weekday
2016-08-27,27,78.3,72.9,84.3,7.9,29.8,34.38100000000001,weekend
2016-08-28,28,78.1,73.1,85.1,8.3,29.8,36.876000000000005,weekend
2016-08-29,29,77.6,73.1,86.0,8.5,29.8,32.349000000000004,weekday
2016-08-30,30,82.3,72.4,73.5,7.0,29.8,33.066,weekday
2016-08-31,31,84.5,73.6,71.0,5.9,29.8,39.47700000000001,weekday
2016-09-01,1,86.2,73.3,67.1,6.3,29.8,47.363,weekend
2016-09-02,2,84.9,73.6,70.0,7.4,29.8,24.097,weekday
2016-09-03,3,82.3,70.6,68.8,8.0,29.8,5.886,weekday
2016-09-04,4,81.5,74.2,79.3,5.6,29.9,5.984999999999999,weekend
2016-09-05,5,81.6,75.6,82.7,5.8,29.9,43.516,weekday
2016-09-06,6,83.2,73.8,75.0,7.0,30.0,39.03999999999999,weekday
2016-09-07,7,83.3,73.8,74.6,4.3,30.0,37.73500000000001,weekend
2016-09-08,8,84.3,75.1,74.9,6.5,29.9,40.456999999999994,weekday
2016-09-09,9,81.0,74.7,81.9,3.7,29.8,35.772999999999996,weekday
2016-09-10,10,78.4,73.3,84.6,4.9,29.9,34.959999999999994,weekend
2016-09-11,11,80.2,71.0,75.4,4.4,29.9,45.391,weekday
2016-09-12,12,80.3,73.2,80.5,5.5,29.8,37.162,weekday
2016-09-13,13,79.9,73.8,82.8,8.2,29.9,33.725,weekday
2016-09-14,14,82.9,72.5,72.7,7.8,29.9,40.038999999999994,weekday
2016-09-15,15,82.7,73.1,74.8,7.0,29.9,78.22529999999999,weekday
2016-09-16,16,81.9,75.5,81.8,7.0,29.8,42.756,weekday
2016-09-17,17,84.1,75.2,76.5,3.1,29.8,55.155,weekend
2016-09-18,18,85.0,75.4,75.0,4.1,29.8,57.135999999999996,weekend
2016-09-19,19,85.7,75.0,72.2,4.4,29.9,46.735,weekday
2016-09-20,20,84.5,74.7,74.5,5.2,29.9,47.522999999999996,weekday
2016-09-21,21,82.0,70.8,71.5,4.6,29.9,37.714,weekday
2016-09-22,22,82.2,72.4,74.1,6.7,29.9,39.035999999999994,weekday
2016-09-23,23,82.0,74.5,78.9,7.5,29.9,34.309999999999995,weekday
2016-09-24,24,79.7,74.9,85.9,6.8,29.9,41.334,weekend
2016-09-25,25,76.9,73.4,89.3,7.0,29.9,32.79299999999999,weekend
2016-09-26,26,76.8,72.0,86.0,7.2,29.9,31.781999999999996,weekday
2016-09-27,27,76.8,68.6,76.8,7.5,29.9,28.170000000000005,weekday
2016-09-28,28,76.6,63.1,65.6,2.8,29.9,32.141999999999996,weekday
2016-09-29,29,73.0,59.7,65.8,6.7,30.0,27.216,weekday
2016-09-30,30,68.8,54.4,63.2,3.9,30.0,29.563000000000002,weekday
2016-10-01,1,71.1,59.4,68.7,3.3,29.9,42.203,weekend
2016-10-02,2,74.0,60.6,66.0,4.4,29.9,23.944,weekday
2016-10-03,3,73.6,62.5,71.1,5.8,29.8,30.736000000000004,weekday
2016-10-04,4,77.0,68.9,77.6,8.0,29.7,31.634999999999998,weekend
2016-10-05,5,80.3,73.5,81.3,7.4,29.8,35.233000000000004,weekday
2016-10-06,6,80.2,73.2,80.7,8.1,29.8,33.993,weekday
2016-10-07,7,79.5,68.4,72.1,7.3,29.9,37.532,weekend
2016-10-08,8,76.2,62.8,65.4,9.3,30.0,27.435999999999996,weekday
2016-10-09,9,70.3,48.9,49.3,7.9,30.1,23.768,weekend
2016-10-10,10,69.2,52.6,58.9,3.5,30.0,20.678,weekday
2016-10-11,11,73.3,67.9,83.6,7.6,30.0,27.457,weekday
2016-10-12,12,77.8,70.6,79.9,8.0,29.9,34.022,weekend
2016-10-13,13,78.2,69.4,77.2,4.3,30.0,36.885000000000005,weekday
2016-10-14,14,76.2,68.6,78.5,5.6,30.0,34.797,weekday
2016-10-15,15,78.0,69.7,77.6,7.0,29.9,34.404,weekend
2016-10-16,16,78.5,71.3,80.5,5.8,29.9,35.25999999999999,weekend
2016-10-17,17,80.2,70.8,75.4,6.7,29.8,37.709,weekday
2016-10-18,18,80.9,71.0,74.7,6.5,29.8,40.328,weekday
2016-10-19,19,79.2,72.3,81.0,6.5,29.8,34.486000000000004,weekday
2016-10-20,20,75.4,67.6,78.4,7.7,29.9,32.367,weekday
2016-10-21,21,65.5,47.7,54.4,9.5,30.1,16.286,weekday
2016-10-22,22,61.8,46.3,61.7,4.6,30.1,14.585,weekend
2016-10-23,23,66.2,55.2,69.4,6.0,30.1,17.701,weekend
2016-10-24,24,70.8,61.3,75.1,5.0,30.1,23.153,weekday
2016-10-25,25,70.1,62.9,80.3,5.2,30.1,21.901,weekday
2016-10-26,26,71.4,60.6,72.7,4.1,30.0,28.46,weekday
2016-10-27,27,70.3,60.3,74.4,4.0,30.1,27.973999999999997,weekday
2016-10-28,28,72.5,61.5,72.6,4.6,30.1,8.609,weekday
2016-10-29,29,72.8,64.8,78.6,6.3,30.0,14.339999999999998,weekend
2016-10-30,30,69.9,64.0,84.8,4.5,30.0,28.881000000000004,weekend
2016-10-31,31,69.4,63.8,84.6,6.0,29.9,21.446999999999996,weekday
2016-11-01,1,74.6,69.4,84.5,7.4,29.9,21.535,weekday
2016-11-02,2,75.2,69.9,84.7,7.4,30.0,27.476,weekday
2016-11-03,3,75.4,69.6,83.5,5.5,30.1,32.599,weekday
2016-11-04,4,75.6,68.1,79.3,4.7,30.1,31.685000000000006,weekday
2016-11-05,5,72.6,57.7,61.2,6.4,30.1,30.718,weekday
2016-11-06,6,70.7,62.8,76.5,8.4,30.0,19.498,weekend
2016-11-07,7,69.1,64.8,86.5,9.0,30.0,22.742999999999995,weekday
2016-11-08,8,66.9,63.0,87.4,7.4,30.0,17.995,weekday
2016-11-09,9,68.3,61.1,78.5,9.5,30.1,14.896,weekend
2016-11-10,10,63.8,49.7,62.6,5.9,30.1,13.386,weekday
2016-11-11,11,64.3,50.5,63.3,4.4,30.1,14.389000000000001,weekday
2016-11-12,12,67.8,55.8,67.8,5.8,30.1,14.982000000000003,weekend
2016-11-13,13,60.6,47.8,63.7,5.8,30.1,11.448000000000002,weekend
2016-11-14,14,63.8,54.8,74.5,3.4,30.0,17.423,weekday
2016-11-15,15,68.0,54.8,68.0,4.7,29.9,17.151999999999997,weekday
2016-11-16,16,67.0,54.3,68.3,4.6,29.9,16.904,weekday
2016-11-17,17,70.4,62.2,78.2,7.5,29.8,26.799300000000002,weekday
2016-11-18,18,69.1,58.8,71.0,10.4,30.0,14.085999999999999,weekday
2016-11-19,19,53.8,31.6,45.0,11.8,30.3,9.718,weekend
2016-11-20,20,51.2,33.7,55.7,4.8,30.2,11.783,weekend
2016-11-21,21,59.3,50.9,76.7,6.5,30.0,12.107000000000003,weekday
2016-11-22,22,70.3,61.9,76.3,9.4,29.9,15.367999999999999,weekday
2016-11-23,23,66.1,56.5,73.0,8.3,30.0,15.896999999999998,weekday
2016-11-24,24,60.3,51.5,75.3,3.7,30.1,16.327999999999996,weekday
2016-11-25,25,64.1,57.0,79.0,4.3,30.2,13.341000000000001,weekday
2016-11-26,26,61.5,53.2,76.1,5.5,30.2,12.178,weekend
2016-11-27,27,62.8,55.3,77.4,11.5,29.9,16.403000000000002,weekend
2016-11-28,28,72.3,64.1,77.2,9.0,29.5,20.337000000000003,weekday
2016-11-29,29,70.6,64.8,82.9,4.9,29.5,24.531,weekday
2016-11-30,30,60.0,36.8,44.5,8.9,29.9,14.330999999999998,weekday
2016-12-01,1,53.0,35.0,55.1,5.6,30.0,12.981000000000002,weekday
2016-12-02,2,55.6,45.8,71.2,11.4,30.0,11.610999999999999,weekday
2016-12-03,3,52.6,50.2,91.6,12.3,29.8,13.281,weekend
2016-12-04,4,51.9,50.0,93.2,10.3,28.8,20.073,weekday
2016-12-05,5,51.7,49.9,93.7,7.7,29.7,14.580000000000002,weekday
2016-12-06,6,55.7,50.1,83.1,5.3,29.8,10.246999999999998,weekend
2016-12-07,7,52.6,49.7,89.8,6.1,30.0,10.406999999999998,weekday
2016-12-08,8,47.6,40.2,76.4,18.6,30.3,9.927,weekday
2016-12-09,9,43.4,25.7,50.9,9.6,30.4,12.065999999999999,weekday
2016-12-10,10,47.0,32.5,58.3,8.2,30.3,11.821,weekday
2016-12-11,11,67.3,61.2,80.8,8.4,29.9,10.973999999999998,weekend
2016-12-12,12,67.4,64.3,90.0,2.2,29.9,8.007,weekday
2016-12-13,13,67.9,63.7,86.5,5.2,29.9,11.023999999999997,weekday
2016-12-14,14,60.3,54.7,82.0,6.9,30.0,9.839,weekday
2016-12-15,15,50.6,37.7,62.2,9.8,30.2,10.418000000000003,weekday
2016-12-16,16,62.2,57.5,84.6,7.6,29.8,11.512999999999998,weekday
2016-12-17,17,73.9,67.4,80.6,11.5,29.7,12.053999999999998,weekend
2016-12-18,18,38.1,22.0,52.9,20.0,30.2,14.807000000000002,weekend
2016-12-19,19,39.0,16.5,42.4,11.0,30.5,14.291,weekday
2016-12-20,20,44.9,24.2,46.8,3.8,30.3,12.721,weekday
2016-12-21,21,61.7,45.9,57.0,5.8,30.1,10.511999999999999,weekday
2016-12-22,22,66.2,57.7,75.5,4.7,30.1,12.013,weekday
2016-12-23,23,68.6,65.3,89.7,8.4,30.0,8.367999999999999,weekday
2016-12-24,24,71.4,67.1,86.7,10.2,30.0,5.925,weekend
2016-12-25,25,73.4,68.2,84.3,14.7,29.9,5.948,weekend
2016-12-26,26,75.2,69.3,82.6,10.2,30.0,5.973,weekday
2016-12-27,27,72.9,68.3,86.3,2.9,30.1,6.148999999999999,weekday
2016-12-28,28,73.7,67.7,82.2,5.4,30.0,5.95,weekday
2016-12-29,29,64.3,44.8,53.6,13.4,30.2,5.909000000000001,weekday
2016-12-30,30,51.5,28.3,41.9,6.8,30.2,13.559000000000001,weekday
2016-12-31,31,62.1,59.2,90.2,2.4,29.8,15.303999999999998,weekend
2017-01-01,1,67.5,63.8,88.1,2.7,29.7,12.199999999999996,weekend
2017-01-02,2,66.9,62.2,86.1,8.3,29.7,11.026,weekday
2017-01-03,3,61.9,46.3,61.1,8.6,29.9,10.224999999999998,weekday
2017-01-04,4,46.5,38.7,74.7,8.1,30.0,10.312,weekend
2017-01-05,5,50.4,45.8,84.1,7.0,29.8,10.280000000000001,weekday
2017-01-06,6,35.1,28.7,77.8,15.8,30.1,13.764,weekday
2017-01-07,7,29.9,15.2,57.1,10.6,30.5,18.608,weekend
2017-01-08,8,37.3,23.7,60.8,5.8,30.5,15.665999999999999,weekday
2017-01-09,9,57.3,49.8,76.3,11.0,30.2,9.881000000000002,weekday
2017-01-10,10,69.8,61.1,74.3,10.4,30.0,8.896999999999997,weekend
2017-01-11,11,71.8,63.4,75.9,12.6,29.9,8.860000000000001,weekday
2017-01-12,12,71.5,64.7,80.7,11.1,30.0,9.055,weekday
2017-01-13,13,70.4,66.2,87.2,11.2,30.2,14.313,weekday
2017-01-14,14,67.7,64.3,89.6,8.6,30.2,18.906,weekend
2017-01-15,15,67.8,63.8,87.3,13.5,30.0,13.785,weekend
2017-01-16,16,71.7,65.2,81.1,11.3,29.9,11.504999999999999,weekday
2017-01-17,17,62.9,60.9,93.3,9.0,29.9,9.517999999999999,weekday
2017-01-18,18,63.5,61.3,92.8,6.1,29.9,9.318000000000001,weekday
2017-01-19,19,59.4,56.9,91.4,4.6,29.7,9.175999999999998,weekday
2017-01-20,20,65.1,61.2,88.0,6.5,29.6,9.207999999999998,weekday
2017-01-21,21,66.5,61.0,84.2,5.6,29.5,10.378,weekend
2017-01-22,22,61.8,42.9,51.4,14.9,29.5,9.666999999999998,weekend
2017-01-23,23,58.8,37.3,47.6,7.0,29.8,9.514000000000001,weekday
2017-01-24,24,67.3,57.6,72.2,11.1,29.7,8.512,weekday
2017-01-25,25,67.3,49.0,58.1,10.7,29.7,10.004000000000001,weekday
2017-01-26,26,50.0,30.0,47.8,8.4,30.1,9.024,weekday
2017-01-27,27,48.1,25.8,44.4,6.0,30.2,10.821000000000002,weekday
2017-01-28,28,52.0,27.6,40.1,9.1,30.2,12.155000000000001,weekend
2017-01-29,29,53.6,31.0,45.4,8.2,30.1,11.347999999999997,weekend
2017-01-30,30,60.3,34.3,43.6,6.1,30.1,10.379999999999999,weekday
2017-01-31,31,63.4,48.5,62.5,6.2,30.0,8.459999999999999,weekday
2017-02-01,1,68.8,60.2,76.1,7.9,29.9,8.683999999999997,weekday
2017-02-02,2,66.3,56.9,73.2,8.1,30.0,9.728000000000002,weekday
2017-02-03,3,54.4,43.2,67.0,12.2,30.2,8.719,weekday
2017-02-04,4,54.4,43.8,68.1,9.9,30.1,9.815999999999999,weekend
2017-02-05,5,70.3,64.9,83.8,9.8,30.0,13.482,weekday
2017-02-06,6,72.5,65.5,79.0,10.8,29.9,10.082,weekday
2017-02-07,7,75.2,61.4,65.2,8.2,29.7,11.572,weekend
2017-02-08,8,74.2,58.6,62.6,10.7,29.7,15.684999999999999,weekday
2017-02-09,9,58.9,37.5,46.7,8.6,30.1,9.125000000000002,weekend
2017-02-10,10,64.3,57.0,77.5,9.7,30.1,9.185,weekday
2017-02-11,11,74.9,67.0,77.4,9.9,29.9,14.057000000000002,weekday
2017-02-12,12,75.0,65.4,73.6,5.9,30.0,21.633999999999997,weekend
2017-02-13,13,69.0,62.4,80.7,10.2,30.0,14.426999999999996,weekday
2017-02-14,14,61.4,56.2,83.5,14.1,29.7,9.776,weekday
2017-02-15,15,53.6,37.2,55.4,11.6,30.0,8.585,weekday
2017-02-16,16,54.7,36.0,54.4,2.7,30.0,10.748999999999999,weekday
2017-02-17,17,58.3,54.4,87.2,8.7,29.8,10.859999999999998,weekday
2017-02-18,18,68.4,61.6,81.5,7.0,29.7,15.083000000000002,weekend
2017-02-19,19,71.6,67.6,87.4,14.0,29.8,17.052,weekend
2017-02-20,20,63.0,61.0,92.8,8.3,29.9,14.156,weekday
2017-02-21,21,62.4,54.2,77.8,5.9,29.8,10.461,weekday
2017-02-22,22,66.8,49.0,56.0,4.4,29.7,8.722999999999999,weekday
2017-02-23,23,67.2,56.0,71.0,9.0,29.6,9.547,weekday
2017-02-24,24,69.5,55.4,67.0,9.6,29.6,11.425999999999998,weekday
2017-02-25,25,56.8,33.4,43.8,8.6,30.0,9.965000000000002,weekend
2017-02-26,26,62.6,53.4,72.7,12.2,29.9,11.033000000000003,weekend
2017-02-27,27,73.2,67.3,82.3,8.6,29.9,9.300999999999998,weekday
2017-02-28,28,76.5,68.0,75.7,12.1,29.8,14.887,weekday
2017-03-01,1,73.6,54.4,55.5,11.2,29.9,15.812,weekday
2017-03-02,2,57.6,26.2,31.5,9.8,30.2,8.704999999999998,weekday
2017-03-03,3,58.4,33.1,42.0,9.5,30.4,9.764,weekday
2017-03-04,4,58.7,50.7,75.1,9.0,30.3,10.637999999999996,weekday
2017-03-05,5,64.6,62.2,91.7,12.5,30.0,10.274999999999999,weekday
2017-03-06,6,72.8,67.5,83.6,13.6,29.9,10.851999999999999,weekend
2017-03-07,7,71.6,63.3,75.7,9.0,30.0,10.887999999999998,weekday
2017-03-08,8,65.2,52.5,65.9,9.4,30.1,8.432999999999998,weekday
2017-03-09,9,72.0,66.3,82.8,9.3,30.0,11.354,weekend
2017-03-10,10,71.8,66.5,83.9,5.7,30.0,14.912,weekday
2017-03-11,11,67.5,65.0,91.7,7.7,30.0,11.628000000000002,weekday
2017-03-12,12,55.8,49.5,80.0,12.6,30.0,8.496400000000001,weekend
2017-03-13,13,57.3,48.8,74.3,7.1,30.0,8.897,weekday
2017-03-14,14,55.3,38.4,55.8,5.4,30.1,9.158000000000001,weekday
2017-03-15,15,56.3,48.0,74.9,8.2,30.2,8.439000000000002,weekday
2017-03-16,16,65.0,58.3,79.1,11.7,30.1,8.366999999999999,weekday
2017-03-17,17,71.3,61.5,72.3,11.8,30.1,8.744,weekday
2017-03-18,18,69.9,63.0,80.8,4.5,30.1,18.514000000000003,weekend
2017-03-19,19,72.8,63.8,75.3,6.3,30.1,14.914,weekend
2017-03-20,20,73.5,61.8,70.6,7.3,30.0,21.3,weekday
2017-03-21,21,73.7,58.8,64.1,7.1,30.0,12.741,weekday
2017-03-22,22,71.7,61.6,74.5,5.9,30.0,16.846,weekday
2017-03-23,23,72.2,60.0,70.4,11.1,30.0,14.541000000000002,weekday
2017-03-24,24,72.6,64.0,74.8,15.7,29.9,12.472000000000001,weekday
2017-03-25,25,71.4,57.7,64.6,6.2,29.9,13.440000000000001,weekend
2017-03-26,26,72.2,64.1,77.3,9.3,29.8,16.682,weekend
2017-03-27,27,75.7,67.2,76.3,8.1,29.8,19.488999999999997,weekday
2017-03-28,28,74.2,68.0,82.0,12.2,29.7,20.646000000000004,weekday
2017-03-29,29,72.3,67.6,85.3,8.0,29.7,20.027,weekday
2017-03-30,30,66.5,52.9,65.1,6.2,29.7,13.422999999999998,weekday
2017-03-31,31,70.2,54.0,61.0,8.8,29.7,12.37,weekday
2017-04-01,1,70.6,62.7,77.0,12.9,29.8,11.38,weekday
2017-04-02,2,74.3,68.2,81.5,12.9,29.6,18.509999999999994,weekend
2017-04-03,3,71.9,52.9,55.1,7.3,29.6,17.506000000000004,weekend
2017-04-04,4,74.6,60.2,65.8,9.1,29.6,18.602999999999998,weekday
2017-04-05,5,68.0,49.5,54.6,12.7,29.8,12.529999999999998,weekday
2017-04-06,6,64.6,40.5,46.2,3.1,30.1,7.9559999999999995,weekend
2017-04-07,7,67.4,47.5,52.9,4.5,30.1,10.486999999999997,weekday
2017-04-08,8,69.4,53.6,60.1,9.3,29.9,10.773000000000001,weekday
2017-04-09,9,73.1,60.3,65.1,12.8,29.9,19.294,weekday
2017-04-10,10,74.3,67.3,78.8,12.1,29.9,16.727000000000004,weekday
2017-04-11,11,68.1,64.1,87.2,9.6,30.0,11.871000000000002,weekend
2017-04-12,12,68.5,64.0,86.0,6.3,30.0,9.716999999999999,weekday
2017-04-13,13,71.6,63.2,77.7,7.7,30.0,19.142000000000003,weekday
2017-04-14,14,71.0,62.4,76.3,8.4,30.0,14.469000000000001,weekday
2017-04-15,15,71.5,64.1,79.8,5.9,29.9,16.183,weekend
2017-04-16,16,75.7,66.9,75.5,8.6,29.9,23.712999999999997,weekend
2017-04-17,17,72.6,66.2,81.3,7.0,29.9,14.396,weekday
2017-04-18,18,70.5,65.8,85.7,8.3,29.9,14.930999999999996,weekday
2017-04-19,19,73.6,67.4,82.0,9.0,29.9,17.522,weekday
2017-04-20,20,76.2,67.5,75.9,8.1,29.9,22.567,weekday
2017-04-21,21,75.5,67.5,78.3,7.3,29.8,20.833000000000002,weekday
2017-04-22,22,71.1,62.3,74.5,10.8,29.8,23.753000000000004,weekend
2017-04-23,23,63.0,45.8,54.5,11.8,29.9,8.828999999999999,weekend
2017-04-24,24,67.3,50.0,58.0,4.1,29.8,9.422,weekday
2017-04-25,25,74.9,64.2,69.3,12.5,29.5,16.305,weekday
2017-04-26,26,79.5,66.3,65.2,12.8,29.4,23.155,weekday
2017-04-27,27,68.0,52.7,60.7,9.4,29.6,15.351999999999999,weekday
2017-04-28,28,81.4,71.6,72.8,15.8,29.5,27.573,weekday
2017-04-29,29,81.0,73.8,78.7,18.6,29.5,43.181000000000004,weekend
2017-04-30,30,65.8,48.0,55.4,10.2,29.8,12.64,weekend
2017-05-01,1,70.7,49.0,50.6,7.1,29.9,16.642000000000003,weekday
2017-05-02,2,74.1,59.1,62.6,10.4,29.8,41.019999999999996,weekend
2017-05-03,3,77.4,69.7,77.6,12.5,29.7,40.297999999999995,weekend
2017-05-04,4,66.5,44.4,47.9,15.5,29.9,9.709,weekday
2017-05-05,5,68.6,44.4,45.3,8.2,29.9,21.608,weekday
2017-05-06,6,70.8,49.0,50.7,3.9,29.9,23.461999999999996,weekday
2017-05-07,7,71.9,56.6,61.7,7.3,29.9,18.389000000000003,weekday
2017-05-08,8,72.6,60.3,67.0,10.1,29.9,18.188,weekend
2017-05-09,9,74.1,66.1,76.5,9.7,29.9,15.209000000000001,weekday
2017-05-10,10,75.8,67.0,74.7,11.0,29.9,18.148000000000003,weekday
2017-05-11,11,77.8,69.8,77.2,10.0,29.8,19.041,weekend
2017-05-12,12,76.4,64.2,69.0,8.9,29.7,21.893,weekday
2017-05-13,13,74.7,59.9,61.6,8.3,29.8,32.658,weekend
2017-05-14,14,75.1,63.0,67.8,5.4,29.8,25.182000000000002,weekend
2017-05-15,15,75.1,63.8,70.1,8.5,29.8,21.346999999999998,weekday
2017-05-16,16,77.8,64.8,65.8,14.8,29.8,23.285,weekday
2017-05-17,17,80.0,68.7,69.0,14.0,29.7,20.39,weekday
2017-05-18,18,81.9,71.1,70.8,15.5,29.7,26.111,weekday
2017-05-19,19,81.9,72.4,73.5,16.0,29.7,28.193,weekday
2017-05-20,20,82.3,72.8,73.9,8.3,29.8,44.704,weekend
2017-05-21,21,76.8,71.2,83.3,8.1,29.9,26.627,weekend
2017-05-22,22,71.7,68.2,88.3,9.8,29.8,15.242,weekday
2017-05-23,23,72.3,62.7,73.5,8.8,29.7,14.513,weekday
2017-05-24,24,70.8,51.2,55.0,9.1,29.7,12.427000000000001,weekday
2017-05-25,25,77.3,58.9,55.5,10.5,29.7,18.384,weekday
2017-05-26,26,80.8,71.5,74.0,11.0,29.8,22.209,weekday
2017-05-27,27,84.8,73.8,70.4,11.1,29.8,30.000000000000007,weekend
2017-05-28,28,82.2,73.3,74.8,11.7,29.8,26.194,weekend
2017-05-29,29,74.0,68.5,83.4,7.1,29.9,17.700000000000003,weekday
2017-05-30,30,78.3,69.5,75.7,7.9,29.9,20.505000000000003,weekday
2017-05-31,31,77.4,70.2,79.5,6.6,29.9,24.072999999999997,weekday
2017-06-01,1,77.0,70.7,81.3,9.3,29.9,21.758999999999997,weekday
2017-06-02,2,78.5,72.8,82.9,7.1,29.8,21.903999999999996,weekday
2017-06-03,3,79.7,73.5,82.4,6.2,29.8,28.902,weekday
2017-06-04,4,75.1,70.7,86.9,6.5,29.7,23.821999999999996,weekday
2017-06-05,5,74.8,70.8,87.6,5.1,29.6,17.891,weekend
2017-06-06,6,78.5,70.7,78.3,8.4,29.6,25.927000000000003,weekday
2017-06-07,7,82.1,67.5,64.0,7.7,29.8,29.238000000000007,weekday
2017-06-08,8,78.3,61.6,58.5,6.1,29.8,26.397000000000002,weekend
2017-06-09,9,77.1,64.6,66.3,4.8,29.8,23.068999999999996,weekday
2017-06-10,10,78.3,67.9,71.5,8.4,29.8,20.146,weekday
2017-06-11,11,81.2,71.4,73.4,8.8,29.8,30.985000000000003,weekday
2017-06-12,12,83.1,74.1,75.2,10.8,29.8,27.446,weekday
2017-06-13,13,82.8,75.0,77.6,13.5,29.8,26.265,weekday
2017-06-14,14,85.0,73.6,70.1,10.1,29.8,29.410000000000004,weekday
2017-06-15,15,85.1,73.2,69.0,7.2,29.8,38.956,weekday
2017-06-16,16,85.3,72.2,66.7,8.3,29.8,26.43,weekday
2017-06-17,17,84.6,73.2,69.4,9.1,29.7,26.020999999999997,weekend
2017-06-18,18,85.9,73.4,67.5,9.4,29.7,31.107999999999997,weekend
2017-06-19,19,85.7,73.0,68.3,4.2,29.8,31.634000000000007,weekday
2017-06-20,20,84.9,72.4,67.6,9.5,29.8,30.729,weekday
2017-06-21,21,80.1,71.1,74.9,15.7,29.6,23.262999999999998,weekday
2017-06-22,22,79.9,74.1,83.0,9.8,29.5,21.246999999999996,weekday
2017-06-23,23,85.6,75.1,72.0,9.3,29.7,30.762999999999998,weekday
2017-06-24,24,78.5,74.3,87.2,6.5,29.9,17.705999999999996,weekend
2017-06-25,25,78.0,72.8,84.6,8.2,30.0,22.041999999999998,weekend
2017-06-26,26,79.2,71.1,77.1,8.3,29.9,21.789,weekday
2017-06-27,27,78.5,72.6,82.7,7.8,29.9,18.463,weekday
2017-06-28,28,80.0,72.4,78.6,10.3,29.8,26.172,weekday
2017-06-29,29,81.1,74.7,81.3,8.1,29.8,14.585,weekday
2017-06-30,30,85.1,76.1,75.3,10.8,29.8,15.902,weekday
2017-07-01,1,84.9,74.0,71.7,7.4,29.9,16.76,weekend
2017-07-02,2,84.9,74.6,72.2,8.4,30.0,17.037,weekday
2017-07-03,3,85.7,74.3,70.1,8.1,29.9,19.432000000000006,weekday
2017-07-04,4,86.3,74.3,69.0,6.3,29.9,27.184,weekday
2017-07-05,5,85.8,74.3,69.2,7.7,29.9,38.479000000000006,weekend
2017-07-06,6,85.5,73.6,69.4,6.3,30.0,37.504000000000005,weekday
2017-07-07,7,85.0,73.0,68.7,4.7,29.9,31.879000000000005,weekday
2017-07-08,8,84.8,72.0,67.5,4.5,29.9,40.563999999999986,weekday
2017-07-09,9,81.3,72.1,75.7,7.7,29.9,48.721,weekday
2017-07-10,10,77.2,72.5,85.9,7.4,29.9,25.739000000000004,weekend
2017-07-11,11,82.3,73.9,76.3,4.6,29.9,25.91,weekday
2017-07-12,12,81.9,74.3,78.5,6.8,29.9,25.445,weekday
2017-07-13,13,83.6,74.5,75.2,5.0,30.0,33.696,weekday
2017-07-14,14,85.1,73.8,71.0,4.4,30.0,32.13,weekday
2017-07-15,15,79.7,73.8,83.4,6.7,29.9,24.697000000000003,weekend
2017-07-16,16,80.6,72.3,77.5,4.6,29.8,32.693000000000005,weekend
2017-07-17,17,83.9,74.7,74.5,4.5,29.8,26.897000000000006,weekday
2017-07-18,18,83.8,75.0,75.3,3.9,29.9,30.087,weekday
2017-07-19,19,83.8,74.3,74.2,3.8,30.0,35.26,weekday
2017-07-20,20,86.7,74.2,68.0,4.8,29.9,36.923,weekday
2017-07-21,21,85.3,74.5,71.1,5.6,29.9,23.649,weekday
2017-07-22,22,81.7,74.1,79.2,6.6,29.8,15.838000000000005,weekend
2017-07-23,23,85.0,74.5,71.5,6.8,29.8,16.967,weekend
2017-07-24,24,86.7,72.9,65.4,7.2,29.9,16.726999999999997,weekday
2017-07-25,25,86.0,74.3,69.0,7.9,29.9,15.949,weekday
2017-07-26,26,86.1,73.2,66.6,7.2,29.9,17.133000000000003,weekday
2017-07-27,27,86.3,73.3,66.8,5.5,29.9,19.411,weekday
2017-07-28,28,87.8,74.5,66.9,6.0,29.8,22.399,weekday
2017-07-29,29,88.3,74.5,65.4,7.3,29.8,22.195,weekend
2017-07-30,30,86.4,73.5,66.6,6.8,29.8,19.674999999999997,weekend
2017-07-31,31,81.9,65.5,59.0,6.7,29.9,16.53,weekday
2017-08-01,1,83.2,70.7,67.1,7.3,29.9,15.512,weekend
2017-08-02,2,79.8,73.9,82.8,8.4,29.9,9.229000000000001,weekday
2017-08-03,3,79.6,73.1,81.2,5.8,29.9,11.536999999999999,weekday
2017-08-04,4,81.0,74.4,81.3,6.0,29.9,16.123,weekend
2017-08-05,5,81.8,74.8,80.3,6.1,29.9,12.011999999999999,weekday
2017-08-06,6,84.1,76.4,78.1,6.3,29.8,12.585,weekday
2017-08-07,7,79.5,75.9,88.8,6.0,29.8,9.076000000000002,weekend
2017-08-08,8,77.4,73.5,88.0,5.0,29.8,9.229,weekday
2017-08-09,9,81.9,74.6,79.8,5.0,29.9,14.36,weekday
2017-08-10,10,83.6,76.0,79.8,5.8,29.9,20.816,weekend
2017-08-11,11,86.4,75.8,72.1,4.8,29.9,19.878000000000004,weekday
2017-08-12,12,87.2,75.5,69.8,5.7,29.8,33.197,weekday
2017-08-13,13,87.0,75.0,69.0,7.0,29.8,31.377999999999997,weekend
2017-08-14,14,87.4,74.1,66.1,8.3,29.8,34.663,weekday
2017-08-15,15,87.4,74.1,66.1,7.8,29.8,32.002,weekday
2017-08-16,16,87.6,76.0,69.2,9.0,29.8,34.791999999999994,weekday
2017-08-17,17,88.4,73.8,64.0,7.3,29.9,35.281000000000006,weekday
2017-08-18,18,87.5,75.2,68.5,5.8,29.9,37.583,weekday
2017-08-19,19,87.6,74.7,67.4,4.8,29.9,47.013,weekend
2017-08-20,20,86.4,73.9,68.4,5.3,29.9,46.196,weekend
2017-08-21,21,84.2,74.8,74.9,6.0,29.9,36.616,weekday
2017-08-22,22,85.0,73.0,69.7,3.8,29.9,36.494,weekday
2017-08-23,23,84.5,73.4,70.5,5.4,29.8,31.535,weekday
2017-08-24,24,83.0,73.2,74.0,7.6,29.8,31.358999999999998,weekday
2017-08-25,25,77.7,73.7,87.5,14.7,29.7,28.596,weekday
2017-08-26,26,77.3,75.1,92.6,18.4,29.7,18.811,weekend
2017-08-27,27,75.4,73.8,95.0,15.3,29.6,20.477,weekend
2017-08-28,28,72.4,70.0,92.1,23.9,29.6,19.506999999999998,weekday
2017-08-29,29,72.6,69.7,90.4,21.9,29.6,23.116,weekday
2017-08-30,30,78.2,67.8,71.1,14.8,29.6,25.930999999999997,weekday
2017-08-31,31,81.4,66.8,63.0,7.0,29.8,27.517999999999997,weekday
2017-09-01,1,80.7,69.5,70.4,4.3,29.9,30.778000000000002,weekday
2017-09-02,2,81.2,70.2,72.3,3.0,29.9,32.324000000000005,weekday
2017-09-03,3,80.7,70.9,74.1,3.5,29.9,34.719,weekday
2017-09-04,4,80.9,71.5,74.5,4.4,29.9,31.005000000000003,weekend
2017-09-05,5,81.6,72.0,74.5,2.9,29.9,25.649,weekday
2017-09-06,6,75.3,62.3,67.7,10.1,29.9,24.270000000000003,weekday
2017-09-07,7,72.1,56.4,60.2,6.4,30.0,18.501000000000005,weekend
2017-09-08,8,72.7,57.5,61.3,6.5,30.0,19.340999999999998,weekday
2017-09-09,9,74.2,59.4,61.8,7.0,30.0,22.967,weekend
2017-09-10,10,75.2,60.2,61.7,8.0,29.9,18.172000000000004,weekday
2017-09-11,11,73.8,59.0,62.0,7.3,29.9,18.65,weekday
2017-09-12,12,73.8,58.3,62.5,4.7,29.7,20.646000000000008,weekend
2017-09-13,13,77.4,64.9,66.8,4.8,29.7,18.2,weekday
2017-09-14,14,79.2,68.2,71.3,7.1,29.8,24.048,weekday
2017-09-15,15,79.3,70.4,76.1,6.3,29.8,25.606,weekday
2017-09-16,16,78.5,70.8,79.8,4.1,29.9,33.782,weekend
2017-09-17,17,80.4,71.9,77.1,4.1,29.9,37.962999999999994,weekend
2017-09-18,18,79.7,75.0,86.2,4.9,29.9,25.660999999999998,weekday
2017-09-19,19,82.0,74.2,78.9,5.7,29.8,28.808000000000003,weekday
2017-09-20,20,83.7,75.3,76.3,7.1,29.8,28.747000000000003,weekday
2017-09-21,21,79.1,74.1,84.8,7.3,29.8,21.256,weekday
2017-09-22,22,78.5,72.3,83.2,4.3,29.8,28.064000000000004,weekday
2017-09-23,23,79.7,72.1,79.0,6.0,29.8,34.788999999999994,weekend
2017-09-24,24,79.0,72.0,81.1,6.8,29.8,34.43899999999999,weekend
2017-09-25,25,80.0,72.2,78.5,7.7,29.7,25.876000000000005,weekday
2017-09-26,26,80.0,71.8,77.8,5.1,29.8,20.829000000000004,weekday
2017-09-27,27,81.5,72.3,75.6,4.0,29.8,23.112000000000002,weekday
2017-09-28,28,80.3,73.0,79.8,4.8,29.8,23.112000000000002,weekday
2017-09-29,29,80.9,69.3,69.5,8.7,29.9,27.259999999999998,weekday
2017-09-30,30,77.3,61.3,59.6,6.3,29.9,27.954,weekend
2017-10-01,1,77.9,64.9,66.3,4.1,29.8,30.397999999999996,weekday
2017-10-02,2,78.8,72.3,81.8,9.3,29.8,23.484,weekday
2017-10-03,3,78.5,76.1,92.2,9.2,30.0,22.885,weekday
2017-10-04,4,79.1,70.2,75.5,9.2,30.0,29.84,weekday
2017-10-05,5,76.8,67.2,74.3,5.6,29.9,26.870999999999995,weekday
2017-10-06,6,75.7,65.4,72.9,4.2,29.8,22.755000000000003,weekend
2017-10-07,7,78.2,71.1,79.4,4.3,29.6,24.510000000000005,weekday
2017-10-08,8,82.2,71.4,71.9,2.9,29.6,44.17900000000001,weekday
2017-10-09,9,82.5,73.0,75.2,4.5,29.7,28.157999999999998,weekend
2017-10-10,10,75.3,65.7,74.1,9.0,29.9,16.467,weekday
2017-10-11,11,71.0,55.5,59.3,7.4,30.0,16.865000000000002,weekday
2017-10-12,12,76.3,66.1,72.0,3.5,29.9,21.825,weekend
2017-10-13,13,79.8,72.0,79.6,3.9,29.9,28.733999999999998,weekday
2017-10-14,14,78.2,72.8,85.9,4.4,29.9,33.688,weekend
2017-10-15,15,77.3,68.7,77.0,8.1,30.0,31.763,weekend
2017-10-16,16,67.7,48.1,51.0,11.6,30.1,12.908000000000001,weekday
2017-10-17,17,63.4,47.2,59.0,5.0,30.1,12.349000000000002,weekday
2017-10-18,18,66.9,56.4,72.3,3.8,30.0,12.642,weekday
2017-10-19,19,72.0,62.8,75.2,6.3,30.0,17.078,weekday
2017-10-20,20,73.7,70.3,89.3,10.9,29.9,18.137,weekday
2017-10-21,21,76.0,72.9,91.1,7.0,29.8,23.593,weekend
2017-10-22,22,67.8,64.4,89.6,9.9,29.9,19.901,weekend
2017-10-23,23,64.4,49.3,63.8,1.9,30.0,11.697,weekday
2017-10-24,24,65.8,39.8,45.5,10.3,30.1,12.007999999999997,weekday
2017-10-25,25,60.6,38.1,48.5,4.5,30.1,10.418999999999999,weekday
2017-10-26,26,67.3,51.5,60.0,7.0,29.8,7.846550505,weekday
2017-10-27,27,63.0,49.7,64.3,11.2,29.8,7.763999999999999,weekday
2017-10-28,28,51.8,29.0,43.7,11.1,30.0,7.766999999999999,weekend
2017-10-29,29,54.0,30.4,48.0,3.4,29.9,8.517,weekend
2017-10-30,30,62.1,50.5,68.7,4.8,29.9,8.081,weekday
2017-10-31,31,68.7,64.7,88.4,7.2,29.9,8.139999999999999,weekday
2017-11-01,1,72.9,69.6,90.1,6.2,29.8,11.776000000000002,weekday
2017-11-02,2,78.5,73.0,84.5,6.9,29.9,15.278999999999998,weekend
2017-11-03,3,79.3,73.4,83.1,6.0,29.9,19.869,weekend
2017-11-04,4,75.7,71.4,88.2,4.2,29.9,22.633999999999993,weekday
2017-11-05,5,78.1,72.1,83.6,7.8,29.9,26.353,weekday
2017-11-06,6,79.2,71.0,77.7,7.2,29.9,19.808999999999997,weekend
2017-11-07,7,77.1,69.2,78.3,6.4,29.9,17.899,weekday
2017-11-08,8,58.8,53.7,83.6,11.1,30.0,10.656,weekday
2017-11-09,9,56.9,51.3,82.6,10.0,30.1,10.137000000000002,weekday
2017-11-10,10,59.6,48.4,69.3,6.8,30.1,13.636,weekday
2017-11-11,11,65.1,54.9,70.0,8.5,30.0,21.588000000000005,weekend
2017-11-12,12,68.2,58.4,72.3,4.8,30.1,23.693,weekday
2017-11-13,13,67.9,60.3,78.8,5.2,30.1,13.663000000000002,weekday
2017-11-14,14,67.1,59.5,78.6,6.8,30.0,12.211000000000002,weekday
2017-11-15,15,68.5,63.2,84.8,5.2,29.9,13.607999999999999,weekday
2017-11-16,16,72.1,68.1,88.1,7.1,30.0,16.207,weekday
2017-11-17,17,76.1,67.9,77.7,8.3,29.9,14.731999999999998,weekday
2017-11-18,18,73.5,61.2,67.8,13.3,29.8,11.767000000000001,weekend
2017-11-19,19,55.3,35.5,50.3,9.3,30.1,9.816999999999998,weekend
2017-11-20,20,54.3,42.9,67.9,6.4,30.0,10.072999999999999,weekday
2017-11-21,21,64.0,58.1,82.0,7.3,29.8,10.521000000000003,weekday
2017-11-22,22,59.8,49.0,69.4,11.4,30.1,8.943999999999999,weekday
2017-11-23,23,51.5,36.9,60.9,2.7,30.0,5.842,weekday
2017-11-24,24,56.4,41.5,63.5,4.0,29.9,5.5,weekday
2017-11-25,25,63.7,55.8,78.3,3.9,29.9,7.622,weekend
2017-11-26,26,62.9,51.0,69.0,4.2,30.1,11.620999999999999,weekend
2017-11-27,27,59.0,45.4,64.2,4.7,30.0,8.21,weekday
2017-11-28,28,62.7,58.1,86.6,6.1,30.0,8.165999999999999,weekday
2017-11-29,29,63.6,61.2,92.7,2.5,30.1,7.938000000000001,weekday
2017-11-30,30,62.3,45.3,57.9,5.0,30.1,7.816999999999999,weekday
2017-12-01,1,59.7,49.8,72.6,2.2,30.0,9.139999999999999,weekday
2017-12-02,2,60.0,54.5,85.1,2.4,30.0,8.949,weekend
2017-12-03,3,63.0,62.4,97.8,6.5,30.0,9.697,weekend
2017-12-04,4,72.7,69.6,90.3,8.8,29.8,9.470999999999998,weekday
2017-12-05,5,62.6,57.2,83.7,12.2,30.0,10.170000000000002,weekday
2017-12-06,6,44.9,40.7,85.6,11.5,30.2,10.305000000000001,weekday
2017-12-07,7,42.2,38.1,85.2,11.2,30.2,14.475999999999999,weekday
2017-12-08,8,34.6,29.1,82.5,6.5,30.1,13.933999999999997,weekend
2017-12-09,9,43.7,34.3,74.9,3.0,30.1,11.331999999999999,weekday
2017-12-10,10,49.3,34.6,62.1,2.9,30.3,11.305,weekday
2017-12-11,11,57.3,35.5,50.2,5.3,30.1,9.880999999999997,weekend
2017-12-12,12,53.8,32.3,46.3,8.1,30.1,10.487,weekday
2017-12-13,13,46.9,33.6,64.1,2.7,30.0,10.747999999999998,weekday
2017-12-14,14,53.7,42.9,68.8,3.5,29.9,10.555,weekday
2017-12-15,15,49.9,35.5,59.0,7.8,30.1,11.328000000000001,weekday
2017-12-16,16,51.1,41.5,72.9,9.4,30.0,9.84,weekend
2017-12-17,17,52.7,50.6,93.0,3.2,30.0,12.652000000000001,weekend
2017-12-18,18,63.2,60.8,92.2,6.4,30.0,8.404000000000002,weekday
2017-12-19,19,72.7,69.5,90.5,10.3,29.9,9.175,vacation
2017-12-20,20,67.3,56.6,72.5,5.2,29.9,5.865,vacation
2017-12-21,21,67.3,62.3,84.8,6.8,29.8,4.7940000000000005,vacation
2017-12-22,22,69.1,64.0,84.8,12.7,29.8,4.841,vacation
2017-12-23,23,46.9,37.2,70.5,8.1,30.1,4.609999999999999,vacation
2017-12-24,24,49.8,40.3,73.3,8.0,30.1,5.978999999999999,vacation
2017-12-25,25,46.0,35.9,69.7,8.9,30.2,6.197000000000001,vacation
2017-12-26,26,48.9,42.9,81.0,10.6,30.1,7.618,vacation
2017-12-27,27,42.3,40.0,91.5,12.5,30.3,15.511999999999999,vacation
2017-12-28,28,41.2,36.5,83.6,8.2,30.3,14.478000000000002,weekday
2017-12-29,29,48.9,37.6,65.5,6.9,30.2,11.676000000000002,weekday
2017-12-30,30,53.5,50.0,88.1,7.8,30.0,11.029999999999998,weekend
2017-12-31,31,47.0,42.0,83.8,13.6,30.2,9.420000000000002,weekend
2018-01-01,1,34.6,16.2,48.6,14.8,30.5,16.583000000000002,weekday
2018-01-02,2,31.2,13.9,49.6,9.9,30.4,14.091000000000001,weekday
2018-01-03,3,33.9,15.8,50.3,6.0,30.3,13.411999999999999,weekday
2018-01-04,4,40.4,23.4,55.0,3.1,30.2,10.940000000000001,weekend
2018-01-05,5,45.9,32.4,60.6,5.3,30.3,12.39,weekday
2018-01-06,6,49.0,40.5,75.0,7.0,30.2,11.151,vacation
2018-01-07,7,58.8,56.2,91.5,8.3,29.9,12.009999999999998,weekend
2018-01-08,8,59.4,50.5,74.9,10.3,29.9,8.679,weekday
2018-01-09,9,49.9,47.1,90.2,6.7,30.0,10.048000000000002,weekend
2018-01-10,10,57.4,54.7,91.0,8.1,29.8,9.290000000000001,weekday
2018-01-11,11,59.3,55.4,87.5,11.1,29.7,9.187000000000001,weekday
2018-01-12,12,39.4,21.4,49.2,14.5,30.1,11.806,weekend
2018-01-13,13,40.0,23.2,53.2,6.5,30.4,11.542,weekend
2018-01-14,14,40.1,28.0,65.5,6.2,30.4,17.198999999999995,weekend
2018-01-15,15,51.0,42.8,75.9,7.6,30.2,10.364999999999998,weekday
2018-01-16,16,30.3,26.2,84.7,17.7,30.5,17.320999999999998,weekday
2018-01-17,17,27.6,13.2,56.2,8.7,30.6,20.755,weekday
2018-01-18,18,31.7,17.8,58.5,4.7,30.4,14.003999999999998,weekday
2018-01-19,19,48.2,42.2,80.7,9.2,30.1,12.524,weekday
2018-01-20,20,61.4,60.3,96.0,7.2,29.9,10.260999999999997,weekend
2018-01-21,21,68.5,65.4,89.9,12.2,29.8,10.292,weekend
2018-01-22,22,61.0,41.6,54.3,9.6,29.9,8.492,weekday
2018-01-23,23,50.9,28.2,47.3,5.6,30.1,8.49,weekday
2018-01-24,24,49.7,27.5,46.4,3.9,30.3,10.734,weekday
2018-01-25,25,47.3,34.1,65.3,5.9,30.3,13.174999999999999,weekday
2018-01-26,26,58.0,53.3,85.0,9.0,30.1,9.279000000000002,weekday
2018-01-27,27,62.1,61.9,99.2,5.7,30.0,9.914,weekend
2018-01-28,28,61.8,56.3,83.8,8.0,30.1,10.050999999999998,weekend
2018-01-29,29,54.3,33.1,48.1,10.0,30.3,11.148,weekday
2018-01-30,30,48.8,31.2,53.2,6.5,30.3,11.864,weekday
2018-01-31,31,56.0,46.3,72.9,7.5,30.0,10.778,weekday
2018-02-01,1,66.0,56.0,72.5,5.9,29.9,9.163,weekday
2018-02-02,2,54.3,33.6,47.0,14.3,30.2,8.86,weekday
2018-02-03,3,50.5,44.4,81.8,7.6,30.0,11.677,weekday
2018-02-04,4,61.2,59.4,94.1,6.7,29.9,9.060999999999998,weekday
2018-02-05,5,56.2,51.9,85.7,8.1,30.0,8.924000000000001,weekday
2018-02-06,6,66.7,65.1,94.7,8.6,29.9,9.52,vacation
2018-02-07,7,45.2,43.5,93.9,13.5,30.1,9.392000000000001,weekday
2018-02-08,8,48.7,41.5,76.9,6.0,30.2,11.856000000000002,weekday
2018-02-09,9,62.4,57.3,83.6,5.8,30.0,9.088,weekend
2018-02-10,10,64.2,63.2,96.7,4.9,29.8,9.798,weekday
2018-02-11,11,40.9,36.2,83.7,14.3,30.0,16.819,weekday
2018-02-12,12,41.1,36.5,83.8,10.3,30.2,13.149,weekend
2018-02-13,13,47.4,45.6,93.5,6.2,30.3,11.632,weekday
2018-02-14,14,67.3,63.9,89.7,6.8,30.1,9.918,weekday
2018-02-15,15,72.9,65.9,79.7,8.9,30.0,7.993999999999999,weekday
2018-02-16,16,71.1,65.1,82.1,6.1,30.0,16.589000000000002,weekday
2018-02-17,17,65.8,60.5,83.2,5.9,30.0,12.674000000000001,weekend
2018-02-18,18,67.3,62.5,84.7,11.1,30.0,14.337,weekend
2018-02-19,19,73.3,66.3,79.4,14.9,29.9,11.799,weekday
2018-02-20,20,74.5,68.8,82.2,14.6,29.9,11.895999999999999,weekday
2018-02-21,21,62.9,61.6,95.6,9.2,30.0,8.784999999999998,weekday
2018-02-22,22,60.0,58.8,95.8,5.2,30.1,10.445000000000002,weekday
2018-02-23,23,68.5,64.9,89.5,8.9,30.0,8.161999999999999,weekday
2018-02-24,24,74.9,68.9,82.2,9.5,29.8,9.576,weekend
2018-02-25,25,60.1,58.1,93.3,8.9,29.9,12.158000000000001,weekend
2018-02-26,26,59.9,55.5,86.8,8.3,30.0,8.146,weekday
2018-02-27,27,68.1,64.2,87.9,11.8,29.9,8.796,weekday
2018-02-28,28,75.8,68.1,78.1,11.0,29.8,15.771,weekday
2018-03-01,1,70.7,59.6,70.0,12.2,29.9,17.009999999999998,weekday
2018-03-02,2,63.0,54.1,74.0,7.2,30.1,8.175,weekend
2018-03-03,3,64.0,53.5,70.8,9.8,30.1,12.617,weekend
2018-03-04,4,70.2,65.2,84.3,13.3,29.9,12.855,weekday
2018-03-05,5,73.7,64.1,73.4,8.4,29.8,14.073000000000002,weekday
2018-03-06,6,63.7,31.6,33.1,9.4,29.9,8.334999999999999,weekend
2018-03-07,7,56.6,28.3,34.7,8.9,30.1,7.6579999999999995,weekday
2018-03-08,8,56.0,35.5,48.2,7.4,30.1,8.153,weekday
2018-03-09,9,61.4,51.0,70.7,8.5,29.9,8.344000000000001,weekday
2018-03-10,10,72.7,67.0,83.0,7.2,29.7,18.5,weekday
2018-03-11,11,71.6,61.6,72.3,12.5,29.8,16.876900000000003,weekend
2018-03-12,12,56.9,38.1,50.4,9.5,30.1,13.114,weekday
2018-03-13,13,57.0,39.1,56.3,3.4,30.1,8.905000000000001,weekday
2018-03-14,14,58.0,40.0,54.9,4.4,30.1,8.607,weekday
2018-03-15,15,62.9,53.1,72.9,9.0,29.9,9.405999999999999,weekday
2018-03-16,16,74.5,66.4,77.1,8.6,29.8,14.136000000000001,weekday
2018-03-17,17,74.1,68.1,82.2,7.6,29.8,20.419999999999995,weekend
2018-03-18,18,74.3,68.3,82.7,4.4,29.7,17.431,weekend
2018-03-19,19,74.5,53.5,59.5,9.1,29.6,16.753999999999998,weekday
2018-03-20,20,62.3,40.1,45.4,10.8,29.9,13.514000000000001,weekday
2018-03-21,21,61.8,39.9,50.0,4.3,30.0,8.727,weekday
2018-03-22,22,63.3,50.3,65.7,9.6,30.1,11.184,weekday
2018-03-23,23,69.5,58.8,70.9,10.8,30.0,9.438999999999998,weekday
2018-03-24,24,74.1,65.6,75.2,10.0,29.8,14.149000000000001,weekend
2018-03-25,25,72.5,66.5,82.8,8.6,29.8,15.902999999999999,weekend
2018-03-26,26,74.6,67.5,79.7,15.6,29.8,18.380000000000003,weekday
2018-03-27,27,74.3,68.9,83.5,13.7,29.9,19.446,weekday
2018-03-28,28,69.8,67.2,91.7,10.2,29.7,11.701,weekday
2018-03-29,29,67.8,62.1,84.2,7.5,29.7,9.115,weekday
2018-03-30,30,67.0,51.8,60.5,9.2,30.1,6.019999999999998,weekday
2018-03-31,31,67.3,57.1,72.8,7.0,30.0,7.035,weekend
2018-04-01,1,70.3,62.3,78.0,7.2,29.9,16.951,weekday
2018-04-02,2,74.8,67.5,79.5,9.1,29.8,19.771,weekend
2018-04-03,3,76.8,67.5,73.7,11.2,29.7,12.83,weekend
2018-04-04,4,64.0,43.4,51.6,14.8,30.0,15.546999999999999,weekday
2018-04-05,5,64.8,56.1,74.0,11.3,30.0,10.005999999999998,weekday
2018-04-06,6,74.6,69.1,83.3,10.0,29.7,10.681999999999999,weekday
2018-04-07,7,61.2,58.9,91.7,10.5,29.7,14.024000000000003,weekday
2018-04-08,8,50.5,45.6,83.3,7.6,29.8,12.516,weekend
2018-04-09,9,58.3,55.2,89.6,8.1,29.9,8.181999999999999,weekday
2018-04-10,10,65.7,49.6,59.9,8.8,30.1,7.963,weekday
2018-04-11,11,65.0,50.0,62.5,6.0,30.1,8.035,weekend
2018-04-12,12,71.4,62.5,75.4,12.4,29.8,8.678,weekday
2018-04-13,13,77.5,70.3,78.8,14.2,29.6,14.547,weekday
2018-04-14,14,61.0,50.4,71.0,12.5,29.8,8.961999999999998,weekend
2018-04-15,15,57.0,34.6,46.3,9.9,30.0,8.923,weekend
2018-04-16,16,63.8,43.1,52.8,6.1,30.1,8.336,weekday
2018-04-17,17,71.8,57.9,64.6,11.5,29.9,8.457999999999998,weekday
2018-04-18,18,73.3,64.3,74.3,6.8,29.9,13.200999999999999,weekday
2018-04-19,19,68.9,43.3,41.4,10.8,30.1,13.32,weekday
2018-04-20,20,59.6,46.4,62.4,10.0,30.1,12.418,weekday
2018-04-21,21,67.9,64.1,87.8,11.3,29.9,8.516,weekend
2018-04-22,22,65.1,58.8,81.7,9.8,29.9,8.447000000000001,weekend
2018-04-23,23,66.3,52.0,63.6,6.3,29.9,11.608999999999998,weekday
2018-04-24,24,71.5,57.8,65.8,3.0,29.9,14.914000000000001,weekday
2018-04-25,25,73.4,60.8,67.1,6.2,29.9,14.009,weekday
2018-04-26,26,65.2,49.3,58.9,8.4,29.9,9.941999999999998,weekday
2018-04-27,27,67.2,51.9,61.3,5.0,29.9,10.623,weekday
2018-04-28,28,70.8,54.4,60.7,3.5,29.9,23.529999999999998,weekend
2018-04-29,29,71.0,57.5,66.1,7.8,30.0,15.001,weekend
2018-04-30,30,69.8,62.8,79.8,11.0,30.0,16.78,weekday
2018-05-01,1,74.1,68.6,82.9,13.9,29.9,15.936,weekday
2018-05-02,2,78.3,70.9,78.3,14.5,29.9,16.391000000000002,weekday
2018-05-03,3,79.0,70.6,76.3,14.4,29.9,15.895999999999999,weekday
2018-05-04,4,74.9,70.2,85.3,8.6,29.9,10.872,weekday
2018-05-05,5,71.3,64.2,80.5,6.1,30.0,31.471,weekend
2018-05-06,6,75.3,59.3,60.2,3.3,30.0,26.534,weekday
2018-05-07,7,78.3,60.5,57.5,4.5,30.0,23.494000000000003,weekday
2018-05-08,8,79.0,59.7,55.7,5.6,29.9,26.625999999999998,weekend
2018-05-09,9,78.1,60.4,60.0,7.4,29.9,23.432000000000002,weekday
2018-05-10,10,77.1,63.3,66.3,8.5,29.9,25.231999999999992,weekday
2018-05-11,11,79.8,68.2,70.0,10.9,29.9,31.79,weekday
2018-05-12,12,79.5,71.8,78.5,11.0,29.9,33.304,weekday
2018-05-13,13,80.6,71.9,77.0,8.2,29.9,34.243,weekend
2018-05-14,14,80.3,68.9,71.5,6.7,29.9,27.916999999999998,weekday
2018-05-15,15,81.0,66.4,65.2,4.4,29.8,25.134999999999998,weekday
2018-05-16,16,82.2,65.1,60.0,5.1,29.8,26.124999999999996,weekday
2018-05-17,17,84.2,66.8,58.8,5.0,29.7,37.074999999999996,weekday
2018-05-18,18,82.0,70.6,70.7,8.7,29.7,32.697,weekday
2018-05-19,19,82.2,71.5,72.2,12.4,29.8,40.785000000000004,weekend
2018-05-20,20,76.3,72.4,88.2,10.8,29.9,33.027,weekend
2018-05-21,21,74.3,70.7,89.2,5.6,29.9,19.197,weekday
2018-05-22,22,77.9,71.5,82.2,3.8,29.9,20.937,weekday
2018-05-23,23,76.2,71.8,87.3,5.1,29.9,21.631999999999998,weekday
2018-05-24,24,78.8,71.1,78.8,6.3,29.9,24.136,weekday
2018-05-25,25,80.8,72.7,77.6,3.5,29.8,18.651999999999997,vacation
2018-05-26,26,80.4,72.4,78.8,8.9,29.7,14.581999999999999,vacation
2018-05-27,27,79.4,72.2,80.2,4.8,29.7,12.255,vacation
2018-05-28,28,83.0,72.5,73.1,3.2,29.7,14.521999999999998,vacation
2018-05-29,29,85.2,73.0,68.5,5.5,29.6,17.668999999999997,vacation
2018-05-30,30,83.7,73.1,72.1,7.8,29.7,14.953,vacation
2018-05-31,31,84.7,74.2,72.0,10.2,29.7,15.075000000000001,vacation
2018-06-01,1,85.3,74.9,73.2,7.6,29.8,17.213,weekend
2018-06-02,2,86.1,75.1,71.4,6.6,29.8,24.751,weekday
2018-06-03,3,83.9,73.7,73.8,7.4,29.9,49.992,weekday
2018-06-04,4,82.8,72.9,73.3,5.1,29.9,39.50600000000001,weekday
2018-06-05,5,85.8,73.7,69.2,6.2,29.8,37.481,weekend
2018-06-06,6,83.3,74.8,77.6,5.2,29.7,35.941,weekday
2018-06-07,7,84.0,73.7,73.0,7.3,29.8,35.303999999999995,weekday
2018-06-08,8,83.9,72.2,70.8,5.5,29.9,44.60299999999999,weekday
2018-06-09,9,82.5,72.5,73.7,6.0,29.9,28.435000000000002,weekday
2018-06-10,10,86.2,73.8,68.8,9.5,29.8,40.99800000000001,weekend
2018-06-11,11,85.9,74.2,70.2,10.1,29.8,38.814,weekday
2018-06-12,12,86.8,74.0,67.5,9.7,29.8,31.418999999999997,weekday
2018-06-13,13,85.3,73.4,70.0,7.3,29.9,38.969,weekday
2018-06-14,14,83.3,72.8,72.1,5.9,29.9,35.528,weekday
2018-06-15,15,84.0,73.9,73.3,8.8,29.8,41.085,weekday
2018-06-16,16,84.9,73.1,69.8,11.4,29.8,32.068000000000005,weekend
2018-06-17,17,79.9,77.4,92.2,10.1,29.8,36.081,weekend
2018-06-18,18,77.8,76.0,94.3,11.7,29.8,29.67499999999999,weekday
2018-06-19,19,77.0,75.8,95.7,12.3,29.8,28.187,weekday
2018-06-20,20,78.4,76.5,94.0,10.2,29.7,22.289,weekday
2018-06-21,21,80.6,77.1,89.5,4.4,29.8,29.353,weekday
2018-06-22,22,84.6,77.2,80.4,6.7,29.8,32.863,weekday
2018-06-23,23,84.7,76.3,77.2,9.0,29.7,35.915,weekend
2018-06-24,24,85.1,75.8,75.2,10.5,29.8,34.189,weekend
2018-06-25,25,83.5,76.3,79.6,10.1,29.9,35.908,weekday
2018-06-26,26,84.8,75.7,75.6,6.7,29.9,39.32500000000001,weekday
2018-06-27,27,86.0,74.9,71.3,6.1,29.9,39.697,weekday
2018-06-28,28,86.2,75.7,71.9,8.1,29.9,42.551,weekday
2018-06-29,29,86.0,75.3,71.9,8.7,29.9,45.453,weekday
2018-06-30,30,85.5,75.5,74.1,7.9,29.9,47.96900000000001,weekend
2018-07-01,1,86.0,75.1,71.6,7.8,29.8,45.477,weekend
2018-07-02,2,86.0,74.7,70.7,4.9,29.9,36.444,weekday
2018-07-03,3,84.7,73.8,72.1,7.1,29.8,40.161,weekday
2018-07-04,4,75.5,74.0,95.4,5.8,29.9,22.372000000000003,weekend
2018-07-05,5,82.0,73.5,77.8,6.7,30.0,31.073,weekday
2018-07-06,6,82.2,74.6,79.8,6.6,30.0,31.392999999999997,weekday
2018-07-07,7,80.9,74.7,83.2,5.6,29.9,37.382000000000005,weekend
2018-07-08,8,77.8,75.1,91.6,4.6,29.9,30.063000000000002,weekday
2018-07-09,9,79.3,75.3,88.2,3.5,30.0,29.476,weekday
2018-07-10,10,83.0,74.5,77.6,3.5,30.0,30.747,weekend
2018-07-11,11,84.9,75.3,74.8,4.8,29.9,33.172,weekday
2018-07-12,12,84.1,75.3,76.3,5.3,29.9,39.733,weekday
2018-07-13,13,84.8,74.7,73.6,4.6,29.9,37.760000000000005,weekday
2018-07-14,14,84.9,75.7,75.2,5.4,29.9,40.681,weekend
2018-07-15,15,86.4,75.8,72.2,5.0,29.9,41.538,weekend
2018-07-16,16,86.6,75.1,71.0,4.9,29.9,38.041000000000004,weekday
2018-07-17,17,85.6,75.2,73.6,6.3,29.9,37.52000000000001,weekday
2018-07-18,18,87.5,75.8,70.1,6.5,29.9,35.035000000000004,weekday
2018-07-19,19,87.0,75.8,71.9,7.3,29.8,40.4,weekday
2018-07-20,20,87.8,75.1,69.2,7.6,29.8,45.85600000000001,weekday
2018-07-21,21,88.0,76.0,70.0,6.5,29.9,48.803,weekend
2018-07-22,22,87.5,74.6,69.2,8.2,29.8,51.017,weekend
2018-07-23,23,88.7,73.6,64.2,7.2,29.8,41.93599999999999,weekday
2018-07-24,24,86.4,73.4,66.6,7.2,29.8,46.169,weekday
2018-07-25,25,85.2,69.6,62.8,4.6,29.9,40.856,weekday
2018-07-26,26,87.1,69.1,57.7,5.8,29.9,43.071000000000005,weekday
2018-07-27,27,87.3,69.5,58.1,4.8,29.9,39.745999999999995,weekday
2018-07-28,28,87.2,73.8,66.7,5.5,29.9,48.25800000000001,weekend
2018-07-29,29,88.2,74.3,66.2,5.7,29.9,57.533000000000015,weekend
2018-07-30,30,87.7,75.3,68.4,6.3,29.8,66.6025,weekday
2018-07-31,31,79.4,75.8,89.1,7.0,29.9,31.924,weekday
2018-08-01,1,82.5,69.0,68.5,4.8,29.8,34.872,weekday
2018-08-02,2,83.2,68.2,64.2,3.3,29.9,35.36,weekday
2018-08-03,3,83.8,70.5,67.4,5.8,29.9,40.504,weekday
2018-08-04,4,81.3,75.3,82.9,6.9,29.9,25.064999999999994,weekend
2018-08-05,5,82.7,74.9,78.8,7.6,30.0,27.231,weekday
2018-08-06,6,82.0,76.8,84.9,6.1,29.9,38.086,weekday
2018-08-07,7,82.3,76.0,82.9,4.9,29.9,39.64000000000001,weekend
2018-08-08,8,82.6,74.8,78.8,5.9,29.9,29.445999999999998,weekday
2018-08-09,9,82.3,76.2,83.6,4.5,29.9,38.351,weekend
2018-08-10,10,82.2,75.3,82.3,6.6,29.9,46.873000000000005,weekday
2018-08-11,11,80.3,77.0,90.1,5.7,29.9,42.41399999999999,weekday
2018-08-12,12,83.0,76.1,80.8,5.7,29.9,37.439,weekend
2018-08-13,13,84.9,75.4,75.1,7.2,29.9,42.855000000000004,weekday
2018-08-14,14,84.4,75.1,75.4,9.1,29.9,36.822,weekday
2018-08-15,15,85.0,76.5,77.2,7.1,29.9,39.26,weekday
2018-08-16,16,85.9,76.9,75.8,6.4,29.9,42.132,weekday
2018-08-17,17,86.4,76.5,74.0,6.8,29.9,41.16699999999999,weekday
2018-08-18,18,86.6,76.5,73.3,6.3,29.9,45.086,weekend
2018-08-19,19,87.2,75.8,71.1,7.0,29.8,46.836999999999996,weekend
2018-08-20,20,86.8,76.5,73.0,7.3,29.9,43.19299999999999,weekday
2018-08-21,21,85.2,76.8,78.4,7.4,29.9,48.089,weekday
2018-08-22,22,87.1,75.0,69.4,6.3,30.0,44.910999999999994,weekday
2018-08-23,23,85.8,75.4,72.6,5.8,29.9,44.49600000000001,weekday
2018-08-24,24,85.7,74.6,70.8,5.7,29.8,45.34499999999999,weekday
2018-08-25,25,87.5,76.1,69.8,7.7,29.9,48.985,weekend
2018-08-26,26,84.7,76.5,78.1,5.9,29.9,47.661,weekend
2018-08-27,27,84.6,76.8,78.5,7.7,29.9,37.409000000000006,weekday
2018-08-28,28,84.7,77.0,78.6,7.5,29.9,35.475,weekday
2018-08-29,29,80.1,76.0,87.5,6.8,29.9,25.551000000000002,weekday
2018-08-30,30,82.7,74.6,78.4,7.0,29.9,34.909,weekday
2018-08-31,31,84.3,75.1,76.0,5.9,29.8,38.914,weekday
2018-09-01,1,81.5,76.8,86.1,7.2,29.8,45.265,weekday
2018-09-02,2,78.1,77.0,96.4,6.8,29.8,30.686,weekday
2018-09-03,3,76.6,76.4,99.2,8.0,29.8,16.958999999999996,weekday
2018-09-04,4,79.6,77.0,92.4,9.2,29.9,19.512999999999995,weekday
2018-09-05,5,82.7,75.9,81.3,6.2,29.9,20.819999999999997,weekday
2018-09-06,6,83.1,75.7,79.8,4.3,29.9,23.776,weekend
2018-09-07,7,82.3,76.3,82.7,5.3,29.9,26.286,weekday
2018-09-08,8,81.0,75.4,85.3,4.0,29.8,34.47899999999999,weekday
2018-09-09,9,77.9,75.0,91.8,3.6,29.7,29.045,weekend
2018-09-10,10,75.9,75.0,96.9,5.5,29.8,20.596,weekday
2018-09-11,11,75.6,74.6,97.0,7.6,29.8,21.761999999999993,weekday
2018-09-12,12,79.1,75.5,89.0,9.0,29.9,22.231,weekend
2018-09-13,13,79.0,75.4,88.9,10.4,29.8,25.769000000000002,weekday
2018-09-14,14,76.2,75.4,97.4,8.5,29.8,23.427999999999997,weekday
2018-09-15,15,80.6,75.4,85.8,8.0,29.8,34.524,weekend
2018-09-16,16,83.2,75.9,80.7,2.4,29.8,41.58400000000001,weekend
2018-09-17,17,84.3,75.0,75.0,3.8,29.8,38.858,weekday
2018-09-18,18,85.9,75.6,72.5,4.1,29.8,40.006,weekday
2018-09-19,19,84.4,75.6,76.2,4.7,29.8,34.498999999999995,weekday
2018-09-20,20,79.7,76.6,90.7,7.2,29.8,31.38199999999999,weekday
2018-09-21,21,79.9,78.3,95.2,7.3,29.8,27.433000000000003,weekday
2018-09-22,22,78.5,77.6,97.0,5.3,29.8,21.81,weekend
2018-09-23,23,76.0,71.7,87.5,5.6,29.8,23.708000000000002,weekend
2018-09-24,24,79.3,71.8,79.5,4.5,29.8,29.590400000000002,weekday
2018-09-25,25,80.4,75.7,86.4,5.5,29.8,28.776,weekday
2018-09-26,26,78.8,76.0,91.4,4.1,29.9,23.981,weekday
2018-09-27,27,73.9,70.2,88.8,6.9,29.9,16.203000000000003,weekday
2018-09-28,28,74.8,72.4,92.3,7.1,29.9,22.545999999999996,weekday
2018-09-29,29,75.0,74.2,97.5,8.0,30.0,27.895000000000007,weekend
2018-09-30,30,76.4,74.0,92.6,7.1,30.0,32.52,weekend
2018-10-01,1,76.1,73.8,93.1,7.5,30.0,41.138999999999996,weekday
2018-10-02,2,78.3,75.1,90.8,5.1,30.0,48.521499999999996,weekend
2018-10-03,3,80.7,77.0,89.5,3.7,29.9,51.3906,weekend
2018-10-04,4,80.8,75.2,84.8,3.6,29.9,57.122000000000014,weekday
2018-10-05,5,80.1,76.2,88.9,6.7,29.9,50.03699999999999,weekday
2018-10-06,6,81.8,75.3,82.3,6.5,29.8,54.294000000000004,weekend
2018-10-07,7,80.8,76.3,87.0,9.5,29.8,49.811,weekday
2018-10-08,8,79.3,75.2,88.0,9.7,29.7,32.249,weekday
2018-10-09,9,78.8,75.5,90.5,10.7,29.6,28.962999999999997,weekday
2018-10-10,10,75.3,69.9,84.7,6.7,29.7,27.831000000000007,weekday
2018-10-11,11,71.3,60.5,71.1,7.2,29.9,19.379999999999995,weekend
2018-10-12,12,71.9,65.0,80.1,8.2,29.8,24.012999999999998,weekday
2018-10-13,13,79.8,72.3,79.9,10.1,29.7,31.637,weekend
2018-10-14,14,82.0,74.2,78.6,8.5,29.7,37.507,weekend
2018-10-15,15,64.5,63.7,97.3,11.6,29.9,21.932000000000002,weekday
2018-10-16,16,58.3,57.5,97.2,11.3,30.0,9.736000000000002,weekday
2018-10-17,17,59.7,58.1,94.7,10.8,30.1,9.982999999999997,weekday
2018-10-18,18,63.2,58.8,86.0,10.1,30.1,9.991999999999999,weekday
2018-10-19,19,72.7,69.0,88.4,7.3,30.0,12.941999999999998,weekday
2018-10-20,20,67.3,66.1,95.8,9.2,30.0,12.700999999999999,weekend
2018-10-21,21,64.5,53.5,69.8,9.5,30.1,14.41,weekend
2018-10-22,22,58.8,51.4,76.5,6.4,30.0,9.709,weekday
2018-10-23,23,59.0,55.0,86.8,8.9,30.0,9.371000000000002,weekday
2018-10-24,24,64.9,63.3,94.6,9.7,29.9,9.521999999999997,weekday
2018-10-25,25,64.1,61.0,90.4,7.8,29.8,10.543,weekday
2018-10-26,26,63.0,57.0,82.8,5.3,29.8,10.232999999999999,weekday
2018-10-27,27,67.4,58.1,76.0,4.1,29.9,15.272,weekend
2018-10-28,28,71.6,63.3,77.9,6.0,30.0,19.906,weekend
2018-10-29,29,71.7,62.9,77.5,4.3,30.0,20.346,weekday
2018-10-30,30,74.8,67.1,78.8,8.8,29.9,17.478,weekday
2018-10-31,31,70.5,69.3,96.0,10.2,29.7,17.039,weekday
2018-11-01,1,60.9,53.5,78.6,9.7,29.8,14.854999999999999,weekday
2018-11-02,2,59.5,47.7,68.6,4.5,29.9,11.006,weekend
2018-11-03,3,66.7,55.9,69.4,8.9,29.9,12.57,weekend
2018-11-04,4,65.9,61.8,87.5,7.3,29.9,18.645,weekday
2018-11-05,5,73.1,69.5,89.5,6.7,29.7,16.648999999999997,weekday
2018-11-06,6,78.7,75.5,90.4,4.5,29.8,28.654999999999998,weekday
2018-11-07,7,78.3,74.7,89.5,4.7,29.8,34.85699999999999,weekday
2018-11-08,8,66.5,65.8,97.3,7.9,29.9,16.789,weekend
2018-11-09,9,55.6,53.1,91.5,13.8,30.1,14.864,weekday
2018-11-10,10,48.3,41.1,76.5,8.6,30.2,9.481000000000002,weekday
2018-11-11,11,52.0,49.2,90.5,9.1,30.0,11.142999999999999,weekend
2018-11-12,12,50.9,49.4,94.8,13.3,29.9,12.282000000000002,weekday
2018-11-13,13,38.8,31.3,74.6,14.8,30.3,14.435,weekday
2018-11-14,14,40.5,26.0,60.8,7.7,30.3,13.391,weekday
2018-11-15,15,45.4,32.8,66.4,2.2,30.2,11.152000000000001,weekday
2018-11-16,16,53.3,42.2,71.1,3.3,30.1,9.373000000000001,weekday
2018-11-17,17,59.2,52.7,81.5,6.0,30.0,9.415,weekend
2018-11-18,18,57.1,55.8,95.8,8.5,30.0,11.202999999999998,weekend
2018-11-19,19,49.1,47.9,95.7,9.2,30.1,10.383999999999999,weekday
2018-11-20,20,51.7,43.1,74.6,8.0,30.2,9.084,weekday
2018-11-21,21,51.3,45.6,82.8,4.4,30.2,11.858,weekday
2018-11-22,22,55.0,48.3,80.8,4.3,30.1,9.947999999999999,weekday
2018-11-23,23,62.0,58.2,88.0,4.4,29.8,9.361999999999998,weekday
2018-11-24,24,60.0,54.4,85.6,2.9,29.7,9.534,weekend
2018-11-25,25,66.2,55.5,72.4,11.2,29.8,11.129999999999999,weekend
2018-11-26,26,48.3,32.1,55.0,10.2,30.1,12.158,weekday
2018-11-27,27,48.0,34.7,64.6,3.0,30.1,11.245999999999999,weekday
2018-11-28,28,58.8,52.3,80.6,5.4,29.9,10.543000000000003,weekday
2018-11-29,29,70.0,67.3,91.6,8.0,29.8,9.499,weekday
2018-11-30,30,72.7,70.2,92.3,9.6,29.7,9.101,weekday
2018-12-01,1,70.7,55.5,64.3,6.6,29.6,12.960999999999997,weekday
2018-12-02,2,62.9,45.8,58.4,5.6,29.7,14.203999999999999,weekday
2018-12-03,3,56.5,40.9,57.8,10.1,30.0,12.558,weekday
2018-12-04,4,49.8,37.5,64.5,7.8,30.2,9.943000000000001,weekday
2018-12-05,5,47.8,35.3,65.5,4.7,30.3,10.017000000000001,weekend
2018-12-06,6,56.0,53.5,91.2,7.1,30.1,9.901999999999997,weekday
2018-12-07,7,63.3,62.4,96.9,9.4,30.0,9.352,weekday
2018-12-08,8,48.3,46.9,95.2,12.1,29.9,11.640999999999998,weekend
2018-12-09,9,45.2,41.4,86.5,9.6,30.2,13.586,weekday
2018-12-10,10,46.5,36.5,72.2,4.3,30.3,11.788000000000002,weekday
2018-12-11,11,48.7,40.7,77.9,5.1,30.2,11.819,weekday
2018-12-12,12,62.8,56.0,79.2,8.6,29.9,12.005999999999998,weekday
2018-12-13,13,65.5,58.7,80.1,10.0,29.6,9.517,weekday
2018-12-14,14,47.7,43.1,84.6,12.7,29.8,11.049999999999999,weekday
2018-12-15,15,53.6,39.6,61.6,8.3,30.0,11.210999999999999,weekend
2018-12-16,16,52.7,44.7,75.7,1.6,30.2,13.629999999999999,weekend
2018-12-17,17,57.0,50.1,81.2,2.7,30.1,11.627,weekday
2018-12-18,18,54.5,53.0,95.2,4.5,30.0,9.418999999999997,weekday
2018-12-19,19,54.8,54.2,97.7,5.3,29.7,9.908,weekday
2018-12-20,20,56.8,44.4,69.1,12.4,29.7,10.895000000000003,weekday
2018-12-21,21,52.6,32.7,48.6,7.8,29.9,11.061,weekday
2018-12-22,22,62.4,52.7,72.3,8.4,29.9,10.731000000000003,weekend
2018-12-23,23,60.3,50.9,75.3,7.7,30.1,6.564,weekend
2018-12-24,24,56.8,50.4,79.9,7.6,30.1,9.286,weekday
2018-12-25,25,63.6,61.9,94.6,6.5,30.0,10.375000000000004,weekday
2018-12-26,26,66.0,64.9,96.3,20.6,29.8,10.254,weekday
2018-12-27,27,61.4,56.3,85.0,8.3,29.7,9.455000000000002,weekday
2018-12-28,28,53.7,41.9,65.7,9.2,29.9,10.060999999999998,weekday
2018-12-29,29,49.6,41.7,74.4,11.7,30.0,12.392,weekend
2018-12-30,30,47.1,45.4,94.3,6.9,29.9,13.812999999999999,weekend
2018-12-31,31,49.9,48.2,94.3,5.1,29.8,10.859,weekday
2019-01-01,1,50.7,45.5,84.8,5.0,30.0,10.4,weekday
2019-01-02,2,52.3,50.7,94.4,10.5,29.9,12.23,weekday
2019-01-03,3,48.8,47.6,95.7,8.2,29.9,13.451000000000002,weekday
2019-01-04,4,47.7,41.5,80.8,5.6,29.9,11.675000000000002,weekday
2019-01-05,5,53.7,44.5,77.1,3.5,30.0,15.758000000000003,weekday
2019-01-06,6,58.9,54.6,87.3,5.6,30.0,13.466999999999999,vacation
2019-01-07,7,67.7,61.1,80.1,6.3,30.0,9.99,weekday
2019-01-08,8,66.1,61.3,85.8,3.4,30.1,9.956999999999999,weekday
2019-01-09,9,56.3,39.9,57.3,9.3,30.3,8.906999999999998,weekend
2019-01-10,10,50.8,35.5,59.5,3.9,30.2,9.809000000000001,weekday
2019-01-11,11,55.3,48.5,79.7,8.9,30.0,9.76,weekday
2019-01-12,12,59.9,53.6,81.9,8.4,29.9,9.588000000000001,weekend
2019-01-13,13,48.3,37.8,68.2,8.0,30.2,12.397,weekend
2019-01-14,14,45.6,37.2,73.8,6.1,30.3,12.871999999999996,weekday
2019-01-15,15,48.1,40.8,76.2,4.6,30.2,12.967999999999998,weekday
2019-01-16,16,55.8,53.3,91.8,8.3,30.1,11.408999999999999,weekday
2019-01-17,17,61.9,59.2,91.4,5.4,30.0,8.959999999999999,weekday
2019-01-18,18,62.3,61.0,95.6,6.6,29.9,11.314000000000002,weekday
2019-01-19,19,54.1,45.0,72.5,17.5,29.9,13.295000000000002,weekend
2019-01-20,20,40.9,28.8,64.1,6.8,30.2,16.168,weekend
2019-01-21,21,50.4,43.8,79.5,9.3,30.1,12.461999999999998,weekday
2019-01-22,22,66.9,59.4,77.5,13.7,29.8,9.368999999999998,weekday
2019-01-23,23,43.8,37.7,80.6,14.5,29.9,13.104,weekday
2019-01-24,24,44.1,31.0,65.0,3.7,30.1,11.989999999999998,weekday
2019-01-25,25,48.0,36.3,68.2,5.8,30.2,13.06,weekday
2019-01-26,26,52.7,47.9,85.6,5.3,30.1,11.29,weekend
2019-01-27,27,54.4,46.6,78.1,5.1,30.0,9.969999999999999,weekend
2019-01-28,28,58.1,48.9,74.1,9.1,29.8,10.29,weekday
2019-01-29,29,44.2,25.1,49.8,13.5,30.1,12.292,weekday
2019-01-30,30,45.3,28.4,54.3,7.2,30.1,12.367999999999999,weekday
2019-01-31,31,53.1,50.0,89.5,8.9,30.0,11.036000000000001,weekday
2019-02-01,1,60.1,58.5,94.7,7.0,30.0,8.739999999999998,weekday
2019-02-02,2,60.2,58.8,95.2,7.3,30.0,8.803,weekend
2019-02-03,3,64.9,64.2,97.6,7.7,29.8,10.539,weekend
2019-02-04,4,70.4,67.9,92.4,5.3,29.8,10.38,weekday
2019-02-05,5,71.6,68.9,91.5,8.0,29.8,9.471,weekday
2019-02-06,6,74.5,69.3,84.7,11.9,29.8,9.852,vacation
2019-02-07,7,63.9,57.3,79.9,14.1,29.9,16.585999999999995,weekday
2019-02-08,8,39.7,27.7,62.5,15.9,30.4,13.26,weekday
2019-02-09,9,41.6,32.1,69.2,10.0,30.3,14.519,weekday
2019-02-10,10,58.9,54.3,85.1,9.8,30.0,14.184999999999995,weekday
2019-02-11,11,68.7,67.3,95.5,7.9,29.8,8.331,weekend
2019-02-12,12,60.0,45.2,60.9,11.0,30.0,10.070000000000002,weekday
2019-02-13,13,52.4,40.1,66.1,5.8,30.1,11.159,weekday
2019-02-14,14,63.5,55.8,78.3,7.9,29.8,9.253999999999998,weekday
2019-02-15,15,68.3,63.9,86.5,6.3,29.7,9.338999999999999,weekday
2019-02-16,16,63.1,59.8,89.3,5.6,29.6,10.539,weekend
2019-02-17,17,60.3,55.9,86.2,10.5,29.7,8.253,weekend
2019-02-18,18,53.8,36.3,53.4,14.5,30.0,13.321999999999997,weekday
2019-02-19,19,47.9,44.8,90.6,10.9,29.8,12.798999999999998,weekday
2019-02-20,20,52.0,44.7,78.8,8.5,29.8,10.107000000000001,weekday
2019-02-21,21,51.8,49.9,93.7,10.0,29.8,10.638,weekday
2019-02-22,22,61.2,60.9,98.9,6.5,29.8,9.2,weekday
2019-02-23,23,70.6,59.0,71.5,10.2,29.8,8.822000000000001,weekend
2019-02-24,24,58.0,34.1,42.1,9.3,30.1,12.238999999999999,weekend
2019-02-25,25,53.7,43.9,71.7,9.8,30.1,11.015,weekday
2019-02-26,26,58.4,58.3,99.6,8.3,30.0,9.533999999999999,weekday
2019-02-27,27,64.7,64.7,99.9,4.8,29.9,9.623,weekday
2019-02-28,28,51.7,51.2,98.4,9.2,29.9,10.262,weekday
2019-03-01,1,53.1,50.9,92.4,4.8,29.9,10.751,weekday
2019-03-02,2,62.7,60.5,92.7,7.0,29.9,10.23,weekend
2019-03-03,3,54.6,52.4,92.6,12.0,29.9,12.124999999999998,weekend
2019-03-04,4,37.4,29.1,72.7,14.0,30.2,13.856,weekday
2019-03-05,5,39.3,20.7,49.3,9.4,30.3,13.584,weekday
2019-03-06,6,46.6,31.3,57.3,8.9,30.3,10.573,vacation
2019-03-07,7,62.3,59.4,90.1,8.2,30.0,8.902,weekday
2019-03-08,8,74.1,69.3,85.5,9.8,29.8,8.517000000000001,weekend
2019-03-09,9,74.7,69.1,83.6,9.3,29.7,9.035,weekday
2019-03-10,10,72.5,69.1,89.8,7.0,29.9,14.0268,weekday
2019-03-11,11,71.7,68.2,89.6,8.6,30.0,13.179,weekend
2019-03-12,12,67.5,66.3,95.7,12.9,30.0,11.969999999999997,weekday
2019-03-13,13,72.1,69.5,91.5,12.8,29.6,16.727999999999998,weekday
2019-03-14,14,70.4,53.2,59.8,11.1,29.8,8.193000000000001,weekday
2019-03-15,15,58.1,33.8,40.6,13.6,30.2,6.4190000000000005,weekday
2019-03-16,16,56.5,34.2,44.0,6.8,30.2,6.340000000000002,weekend
2019-03-17,17,55.6,37.6,53.7,5.3,30.2,10.757,weekend
2019-03-18,18,57.1,39.7,57.0,5.9,30.1,9.140999999999998,weekday
2019-03-19,19,58.7,43.3,60.2,6.2,30.1,10.795000000000002,weekday
2019-03-20,20,61.3,45.7,62.5,2.8,30.1,9.183,weekday
2019-03-21,21,64.4,44.5,55.3,3.2,30.1,9.369122720999998,weekday
2019-03-22,22,66.0,48.7,59.4,5.1,30.0,9.443853259999997,weekday
2019-03-23,23,65.1,58.7,81.1,9.4,30.0,9.439673083,weekend
2019-03-24,24,69.0,64.3,85.9,7.3,30.0,10.92,weekend
2019-03-25,25,73.1,64.8,77.0,7.2,30.0,11.786999999999999,weekday
2019-03-26,26,65.9,50.8,60.8,6.7,30.1,15.197000000000001,weekday
2019-03-27,27,62.3,47.0,60.3,8.9,30.1,14.130000000000003,weekday
2019-03-28,28,63.9,55.4,76.3,9.0,30.1,8.78,weekday
2019-03-29,29,69.5,62.6,80.0,10.7,29.9,9.029,weekday
2019-03-30,30,66.5,60.7,81.9,12.0,29.9,14.364,weekend
2019-03-31,31,50.8,38.7,63.6,14.6,30.1,9.685,weekend
2019-04-01,1,48.2,38.6,71.2,4.6,30.1,10.625999999999998,weekday
2019-04-02,2,54.7,40.6,65.4,4.1,30.1,10.717,weekday
2019-04-03,3,60.6,54.7,81.7,10.3,30.0,8.662000000000003,weekday
2019-04-04,4,72.3,69.0,90.5,7.7,29.9,10.053,weekday
2019-04-05,5,73.3,69.9,89.8,7.2,29.8,14.583000000000002,weekend
2019-04-06,6,73.6,71.0,92.0,11.3,29.8,21.252999999999993,weekday
2019-04-07,7,69.3,68.0,95.4,9.5,29.8,12.507000000000001,weekday
2019-04-08,8,69.3,63.1,82.8,9.3,29.7,13.418000000000001,weekend
2019-04-09,9,74.0,58.6,65.6,3.7,29.8,16.839000000000002,weekday
2019-04-10,10,75.5,60.9,64.9,11.4,29.6,19.159,weekday
2019-04-11,11,72.3,65.9,80.8,8.5,29.6,13.439000000000002,weekday
2019-04-12,12,66.1,57.0,73.4,10.3,29.7,13.763,weekday
2019-04-13,13,71.0,65.6,84.3,12.2,29.5,12.237,weekend
2019-04-14,14,58.0,42.4,58.6,11.4,29.8,11.034999999999998,weekend
2019-04-15,15,64.8,52.5,67.4,7.8,29.9,8.633000000000001,weekday
2019-04-16,16,70.5,62.7,77.6,13.0,29.9,11.125,weekday
2019-04-17,17,72.6,70.2,92.2,13.9,29.7,16.212,weekday
2019-04-18,18,66.7,62.9,88.5,11.3,29.6,14.685,weekday
2019-04-19,19,64.4,45.6,53.3,13.2,29.9,8.197,weekday
2019-04-20,20,64.7,47.0,57.8,2.8,29.9,6.8149999999999995,weekend
2019-04-21,21,68.7,57.8,71.4,11.4,29.9,9.011000000000001,weekend
2019-04-22,22,70.8,63.9,80.3,11.8,29.9,11.968,weekday
2019-04-23,23,71.1,68.4,91.4,8.7,29.9,12.68,weekday
2019-04-24,24,71.5,69.1,92.7,10.5,29.8,12.738000000000003,weekday
2019-04-25,25,72.0,62.4,75.4,8.4,29.7,16.942,weekday
2019-04-26,26,73.3,61.5,69.2,4.8,29.9,21.125000000000004,weekday
2019-04-27,27,74.5,61.8,66.5,9.1,29.8,16.319,weekend
2019-04-28,28,72.4,64.3,77.2,9.1,29.8,17.471,weekend
2019-04-29,29,77.5,70.8,80.7,12.8,29.8,20.319000000000006,weekday
2019-04-30,30,79.4,72.0,78.7,16.7,29.8,23.667999999999996,weekday
2019-05-01,1,79.5,71.9,78.0,15.5,29.8,20.794,weekend
2019-05-02,2,74.9,69.9,85.1,10.9,29.9,19.174000000000003,weekday
2019-05-03,3,73.5,71.3,92.9,9.1,29.8,14.609000000000004,weekday
2019-05-04,4,73.3,67.2,83.3,6.8,29.7,18.485,weekday
2019-05-05,5,74.5,65.3,75.0,6.8,29.8,24.435000000000006,weekend
2019-05-06,6,74.3,66.5,78.4,7.4,29.8,22.863000000000003,weekday
2019-05-07,7,72.7,71.3,95.3,10.0,29.8,13.648,weekday
2019-05-08,8,77.3,73.5,88.2,11.4,29.6,17.026999999999997,weekday
2019-05-09,9,78.2,74.9,90.1,10.8,29.7,22.777000000000005,weekday
2019-05-10,10,70.8,68.2,91.6,8.6,29.8,17.649,weekend
2019-05-11,11,71.4,70.4,96.8,6.4,29.7,17.127,weekday
2019-05-12,12,69.8,63.1,80.8,8.5,29.8,16.509999999999998,weekday
2019-05-13,13,72.1,61.4,72.5,5.8,29.8,14.291999999999998,weekday
2019-05-14,14,74.5,63.8,72.6,7.5,29.9,17.084,weekday
2019-05-15,15,75.9,65.5,72.4,6.7,29.9,18.936,weekday
2019-05-16,16,75.4,65.2,73.5,7.2,29.9,18.569,weekday
2019-05-17,17,77.1,71.5,83.9,11.3,29.8,21.677999999999994,weekday
2019-05-18,18,80.0,75.1,85.1,13.0,29.6,25.141,weekend
2019-05-19,19,82.8,77.1,84.1,9.2,29.7,37.577,weekend
2019-05-20,20,82.3,75.4,80.7,16.2,29.7,29.705000000000005,weekday
2019-05-21,21,83.1,74.7,76.1,16.0,29.6,28.195,weekday
2019-05-22,22,83.6,75.5,76.9,17.2,29.7,33.152,weekday
2019-05-23,23,82.3,75.6,80.3,17.5,29.9,22.194999999999997,vacation
2019-05-24,24,81.4,74.2,79.5,14.1,29.9,11.645999999999995,vacation
2019-05-25,25,81.5,73.8,78.5,11.9,29.9,10.353,vacation
2019-05-26,26,80.8,72.6,77.5,9.8,29.9,10.328,vacation
2019-05-27,27,82.0,69.7,68.5,9.4,29.8,11.886000000000001,vacation
2019-05-28,28,83.4,74.6,75.5,12.8,29.7,11.927,vacation
2019-05-29,29,80.2,71.0,74.2,8.0,29.7,16.828000000000007,vacation
2019-05-30,30,81.3,74.6,81.3,6.8,29.8,16.962000000000003,vacation
2019-05-31,31,80.9,75.3,84.2,4.8,29.8,12.2,vacation
2019-06-01,1,81.9,73.3,77.6,3.4,29.8,14.061,weekend
2019-06-02,2,84.7,74.0,73.2,4.7,29.8,38.36399999999999,weekday
2019-06-03,3,84.1,72.9,71.9,5.3,29.8,34.013999999999996,weekday
2019-06-04,4,80.4,74.0,83.0,7.6,29.8,28.823000000000004,weekend
2019-06-05,5,75.4,75.1,99.1,12.9,29.7,26.892,weekday
2019-06-06,6,82.0,72.7,75.8,5.7,29.6,28.607,weekday
2019-06-07,7,83.0,72.5,72.5,7.7,29.6,30.060000000000006,weekend
2019-06-08,8,83.8,71.8,69.2,5.2,29.6,36.925999999999995,weekday
2019-06-09,9,84.8,74.2,72.3,5.5,29.8,52.044999999999995,weekday
2019-06-10,10,83.4,73.3,72.3,9.4,30.0,35.11899999999999,weekend
2019-06-11,11,79.0,65.0,63.4,7.4,29.9,26.084000000000003,weekday
2019-06-12,12,79.7,65.1,64.7,3.5,29.9,28.909000000000002,weekday
2019-06-13,13,81.0,66.2,63.0,5.8,29.9,30.395000000000003,weekday
2019-06-14,14,81.5,70.5,70.5,9.5,29.9,45.307,weekday
2019-06-15,15,85.3,75.0,72.4,10.3,29.8,39.181,weekend
2019-06-16,16,78.0,74.3,88.9,13.3,29.8,52.857,weekend
2019-06-17,17,76.8,71.3,84.6,6.2,29.8,21.280000000000005,weekday
2019-06-18,18,83.6,75.9,79.7,4.3,29.8,33.61,weekday
2019-06-19,19,86.0,77.0,75.5,8.1,29.7,38.805,weekday
2019-06-20,20,85.7,78.1,79.0,8.7,29.7,32.620000000000005,weekday
2019-06-21,21,86.7,79.3,79.5,12.0,29.8,35.056999999999995,weekday
2019-06-22,22,86.5,79.8,80.7,12.1,29.8,32.657,weekend
2019-06-23,23,87.5,79.1,76.7,13.8,29.8,39.291999999999994,weekend
2019-06-24,24,78.0,72.8,85.2,9.9,29.8,25.443,weekday
2019-06-25,25,76.1,72.9,90.1,7.8,29.9,18.369000000000003,weekday
2019-06-26,26,79.9,76.5,89.6,7.7,30.0,19.82,weekday
2019-06-27,27,79.6,75.8,89.1,4.0,30.0,23.248,weekday
2019-06-28,28,78.5,73.2,85.7,4.3,30.0,27.491,weekday
2019-06-29,29,75.9,73.0,91.7,6.5,29.9,27.734,weekend
2019-06-30,30,77.9,71.8,82.8,3.4,29.9,30.857000000000003,weekend
2019-07-01,1,82.7,74.5,77.5,6.7,29.9,31.134,weekday
2019-07-02,2,81.1,75.7,84.3,8.3,29.9,27.384999999999998,weekday
2019-07-03,3,80.9,76.4,87.0,6.9,29.8,25.362999999999996,weekday
2019-07-04,4,82.4,76.5,83.2,8.8,29.9,38.33599999999999,weekend
2019-07-05,5,85.3,77.0,78.5,6.5,29.9,33.104000000000006,weekday
2019-07-06,6,85.4,76.3,76.6,5.0,29.9,44.55500000000001,weekday
2019-07-07,7,86.0,77.0,76.2,4.8,29.9,38.63499999999999,weekend
2019-07-08,8,84.9,77.8,80.7,5.7,29.8,52.361752961,weekday
2019-07-09,9,86.8,75.5,71.6,5.4,29.8,39.794000000000004,weekend
2019-07-10,10,86.6,74.1,68.1,3.2,29.8,40.361000000000004,weekday
2019-07-11,11,86.8,73.9,66.4,6.3,29.8,40.537,weekday
2019-07-12,12,87.9,71.5,59.9,10.6,29.7,39.876999999999995,weekend
2019-07-13,13,83.4,72.7,70.7,12.6,29.6,35.303000000000004,weekend
2019-07-14,14,83.4,71.8,69.0,6.5,29.7,36.553999999999995,weekend
2019-07-15,15,85.5,75.5,72.5,9.1,29.8,45.425767434,weekday
2019-07-16,16,86.6,75.4,71.0,9.2,29.9,47.324863510000014,weekday
2019-07-17,17,86.3,75.4,70.9,7.2,29.9,40.613,weekday
2019-07-18,18,86.3,73.6,67.8,7.7,29.9,37.217999999999996,weekday
2019-07-19,19,85.8,73.7,68.1,7.9,29.9,40.793,weekday
2019-07-20,20,85.7,74.6,70.5,8.4,29.8,33.162,weekend
2019-07-21,21,84.3,74.6,73.6,6.3,29.8,37.524,weekend
2019-07-22,22,85.5,74.4,70.5,4.0,29.9,31.001000000000005,weekday
2019-07-23,23,82.1,70.4,68.5,10.2,29.9,23.593999999999998,weekday
2019-07-24,24,78.8,60.5,55.5,10.0,29.9,25.092000000000002,weekday
2019-07-25,25,78.5,60.0,55.4,6.1,29.9,28.983000000000004,weekday
2019-07-26,26,81.5,65.0,59.9,6.9,30.0,26.381999999999994,weekday
2019-07-27,27,84.3,72.0,68.2,7.0,30.0,44.617,weekend
2019-07-28,28,83.3,72.4,70.6,7.6,30.0,39.941,weekend
2019-07-29,29,82.5,72.5,73.7,7.9,29.9,34.456,weekday
2019-07-30,30,83.1,73.2,74.4,8.0,29.9,36.879000000000005,weekday
2019-07-31,31,84.0,73.1,71.7,5.9,29.9,34.665,weekday
2019-08-01,1,85.3,72.9,68.1,4.3,29.9,33.01,weekday
2019-08-02,2,86.2,72.2,65.0,3.6,29.8,34.988,weekday
2019-08-03,3,85.4,73.3,67.8,3.7,29.8,25.432999999999996,weekday
2019-08-04,4,84.6,73.1,69.3,6.2,29.8,27.407999999999998,weekday
2019-08-05,5,86.1,73.5,67.5,4.7,29.8,36.17100000000001,weekday
2019-08-06,6,87.0,73.8,66.7,5.4,29.8,39.897999999999996,weekend
2019-08-07,7,88.3,73.5,64.2,6.5,29.8,41.43300000000001,weekday
2019-08-08,8,88.8,74.5,64.8,7.4,29.8,42.648,weekday
2019-08-09,9,88.7,74.0,64.2,7.5,29.8,29.747000000000003,weekend
2019-08-10,10,88.2,74.0,65.1,5.9,29.8,26.654000000000003,weekday
2019-08-11,11,88.8,74.9,65.3,6.6,29.8,36.418,weekday
2019-08-12,12,89.6,74.3,63.0,7.3,29.8,46.382,weekend
2019-08-13,13,90.0,73.6,61.2,6.4,29.8,52.83599999999999,weekday
2019-08-14,14,87.7,74.8,67.8,6.7,29.8,44.204,weekday
2019-08-15,15,85.9,73.2,68.1,4.8,29.8,40.958999999999996,weekday
2019-08-16,16,85.5,74.7,71.4,6.2,29.8,40.477000000000004,weekday
2019-08-17,17,87.0,74.7,67.7,8.1,29.8,46.031,weekend
2019-08-18,18,87.9,75.1,67.3,8.3,29.8,40.429,weekend
2019-08-19,19,87.0,75.1,69.4,7.1,29.9,46.641000000000005,weekday
2019-08-20,20,84.3,74.3,72.8,4.5,29.9,34.104,weekday
2019-08-21,21,85.6,72.5,67.4,4.4,29.9,37.24,weekday
2019-08-22,22,85.6,73.4,68.3,7.8,29.8,39.476,weekday
2019-08-23,23,82.3,74.9,79.0,6.9,29.8,31.509000000000007,weekday
2019-08-24,24,84.0,73.8,72.8,5.8,29.8,38.087,weekend
2019-08-25,25,82.3,75.7,81.4,6.4,29.7,35.332,weekend
2019-08-26,26,85.8,76.1,74.7,6.6,29.7,40.23800000000001,weekday
2019-08-27,27,87.0,75.3,69.7,6.4,29.8,33.749,weekday
2019-08-28,28,82.1,74.1,78.5,4.8,29.9,38.172,weekday
2019-08-29,29,82.9,73.0,73.5,3.7,29.9,35.432,weekday
2019-08-30,30,84.5,73.9,72.4,6.4,29.9,36.431000000000004,weekday
2019-08-31,31,83.8,72.5,70.2,6.1,29.9,34.251999999999995,weekend
2019-09-01,1,86.1,69.5,61.6,6.1,29.9,33.782000000000004,weekday
2019-09-02,2,85.5,67.3,57.5,6.8,29.9,42.02699999999999,weekend
2019-09-03,3,85.4,69.4,60.6,7.2,29.8,37.499,weekend
2019-09-04,4,86.4,70.1,61.1,7.4,29.9,38.998999999999995,weekday
2019-09-05,5,86.5,68.4,58.6,3.9,29.9,37.94799999999999,weekday
2019-09-06,6,86.1,69.8,61.9,5.1,29.9,39.23,weekend
2019-09-07,7,85.0,70.8,65.5,5.2,29.9,38.22100000000001,weekday
2019-09-08,8,84.5,70.8,66.1,5.5,29.9,44.915,weekday
2019-09-09,9,84.6,71.5,67.4,7.7,29.9,34.94100000000001,weekday
2019-09-10,10,81.9,73.6,77.4,6.1,29.9,27.426999999999996,weekday
2019-09-11,11,81.2,73.7,79.2,5.4,30.0,30.406999999999996,weekend
2019-09-12,12,83.7,72.8,72.2,6.7,29.9,22.375999999999998,weekday
2019-09-13,13,82.9,70.9,70.2,4.5,29.9,25.757999999999996,weekday
2019-09-14,14,84.3,68.8,63.2,7.2,29.9,34.391000000000005,weekend
2019-09-15,15,83.5,69.7,65.9,6.0,29.9,31.895999999999997,weekend
2019-09-16,16,81.4,71.5,73.8,9.5,29.8,28.425999999999995,weekday
2019-09-17,17,77.3,73.8,89.2,12.6,29.8,18.517000000000003,weekday
2019-09-18,18,77.6,74.9,91.5,6.7,29.7,19.385,weekday
2019-09-19,19,77.1,74.5,91.6,9.9,29.8,17.156000000000002,weekday
2019-09-20,20,79.8,74.6,84.4,8.9,29.9,19.017,weekday
2019-09-21,21,81.5,73.0,77.0,10.2,29.9,27.748,weekend
2019-09-22,22,81.0,74.8,82.1,7.5,29.9,27.476999999999997,weekend
2019-09-23,23,81.2,75.7,84.2,5.5,29.9,25.223000000000003,weekday
2019-09-24,24,81.0,71.3,74.6,5.9,29.8,26.804999999999996,weekday
2019-09-25,25,80.3,70.6,74.2,5.7,29.8,27.491000000000007,weekday
2019-09-26,26,79.8,69.8,74.0,4.7,29.8,28.209000000000003,weekday
2019-09-27,27,78.4,74.1,86.9,6.2,29.8,24.645999999999997,weekday
2019-09-28,28,82.7,73.8,76.0,8.8,29.8,29.554000000000006,weekend
2019-09-29,29,83.1,73.8,74.2,10.0,29.9,29.898000000000003,weekend
2019-09-30,30,83.5,75.0,76.8,10.0,29.9,27.222,weekday
2019-10-01,1,81.8,73.1,76.8,8.0,29.9,27.449000000000005,weekday
2019-10-02,2,81.6,72.9,77.0,5.9,29.9,29.706000000000003,weekend
2019-10-03,3,80.8,72.0,76.5,6.2,29.9,21.045,weekend
2019-10-04,4,81.3,70.5,71.6,4.4,29.9,23.849000000000004,weekday
2019-10-05,5,81.0,70.4,71.7,3.8,29.8,25.183,weekday
2019-10-06,6,81.5,71.8,74.1,5.0,29.8,26.887000000000004,weekday
2019-10-07,7,77.0,69.4,77.9,10.7,29.9,19.832000000000004,weekday
2019-10-08,8,72.8,61.0,67.8,7.7,29.9,17.085,weekend
2019-10-09,9,76.8,68.1,76.0,7.3,29.8,20.43,weekday
2019-10-10,10,81.8,70.2,69.6,10.0,29.8,23.906,weekday
2019-10-11,11,66.4,60.0,80.3,12.6,29.9,11.696000000000003,weekend
2019-10-12,12,60.0,44.6,58.3,11.0,30.0,7.852999999999998,weekday
2019-10-13,13,68.3,55.0,63.7,5.4,29.9,9.48,weekend
2019-10-14,14,77.6,70.7,79.4,7.9,29.8,23.077,weekday
2019-10-15,15,82.3,73.4,76.1,6.3,29.8,32.139,weekday
2019-10-16,16,71.0,66.7,86.1,8.4,29.9,15.041,weekday
2019-10-17,17,60.2,50.9,72.5,6.6,29.9,8.779,weekday
2019-10-18,18,65.9,56.3,73.3,4.5,29.7,9.483,weekday
2019-10-19,19,75.5,67.3,77.6,4.0,29.6,24.881,weekend
2019-10-20,20,81.8,73.1,75.9,8.1,29.7,24.446999999999996,weekend
2019-10-21,21,73.9,63.9,72.7,9.3,29.7,18.362,weekday
2019-10-22,22,65.3,44.1,50.6,5.7,30.0,11.121,weekday
2019-10-23,23,66.1,52.1,63.2,9.2,30.0,9.955999999999998,weekday
2019-10-24,24,69.9,62.6,78.5,11.3,29.9,16.032999999999998,weekday
2019-10-25,25,56.6,52.0,84.5,13.8,29.9,11.665000000000001,weekday
2019-10-26,26,56.1,47.0,72.8,7.6,29.8,8.241,weekend
2019-10-27,27,64.0,55.3,75.4,6.0,29.9,9.620999999999999,weekend
2019-10-28,28,68.1,61.7,80.7,8.4,29.9,11.226,weekday
2019-10-29,29,70.0,66.2,87.9,8.6,29.8,12.032999999999998,weekday
2019-10-30,30,59.9,56.7,89.1,11.3,29.8,10.921999999999997,weekday
2019-10-31,31,46.8,32.0,58.6,13.8,30.2,11.292999999999997,weekday
2019-11-01,1,48.0,36.5,67.3,4.3,30.2,9.733999999999998,weekday
2019-11-02,2,55.7,41.2,62.6,5.5,30.2,9.968,weekday
2019-11-03,3,54.2,42.0,67.6,4.5,30.1,10.592,weekday
2019-11-04,4,64.4,59.1,83.3,7.5,29.9,9.732999999999999,weekday
2019-11-05,5,71.5,65.0,80.8,6.3,30.0,9.579,weekend
2019-11-06,6,68.0,57.9,72.7,6.3,30.1,10.357,weekday
2019-11-07,7,63.6,60.3,88.8,8.5,30.0,10.664999999999996,weekday
2019-11-08,8,51.9,46.3,82.1,10.9,30.2,11.021000000000003,weekend
2019-11-09,9,51.7,38.9,65.6,2.4,30.1,9.639,weekday
2019-11-10,10,59.8,49.9,72.6,4.9,30.0,9.993,weekday
2019-11-11,11,59.4,53.3,80.7,12.1,29.9,9.19,weekday
2019-11-12,12,39.0,24.7,58.5,16.4,30.3,13.149000000000001,weekday
2019-11-13,13,39.3,26.3,61.3,4.2,30.2,14.334,weekday
2019-11-14,14,45.4,39.9,81.5,9.0,30.1,11.619000000000002,weekday
2019-11-15,15,47.3,38.9,76.0,5.1,30.2,10.097000000000001,weekday
2019-11-16,16,48.4,37.8,70.3,2.3,30.1,9.536,weekend
2019-11-17,17,54.5,44.1,71.0,1.6,29.9,9.976999999999999,weekend
2019-11-18,18,58.3,47.0,70.6,2.3,29.8,8.543,weekday
2019-11-19,19,61.5,52.0,75.0,3.6,29.9,8.478,weekday
2019-11-20,20,68.4,61.2,79.2,10.7,29.9,8.684,weekday
2019-11-21,21,74.0,66.3,77.2,11.0,29.9,9.262999999999998,weekday
2019-11-22,22,68.2,62.6,82.6,7.4,29.9,9.947999999999999,weekday
2019-11-23,23,54.2,43.1,67.7,8.1,29.9,7.883999999999999,weekend
2019-11-24,24,54.9,42.3,66.3,2.6,29.9,10.005,weekend
2019-11-25,25,68.1,60.1,76.6,7.8,29.6,9.599,weekday
2019-11-26,26,76.8,68.4,75.8,9.6,29.6,10.352,weekday
2019-11-27,27,66.4,36.9,36.1,14.1,30.0,10.366,weekday
2019-11-28,28,67.2,55.0,67.1,12.0,30.1,12.151,weekday
2019-11-29,29,72.7,69.4,89.4,13.6,29.9,10.204,weekday
2019-11-30,30,75.8,68.7,79.0,10.1,29.7,11.818999999999999,weekend
2019-12-01,1,59.1,31.2,35.8,10.1,30.0,11.846000000000002,weekend
2019-12-02,2,51.2,33.0,53.3,6.5,30.1,10.598000000000003,weekday
2019-12-03,3,53.6,40.8,67.5,2.8,29.9,11.271999999999998,weekday
2019-12-04,4,58.5,42.3,60.6,2.9,29.9,10.109999999999996,weekday
2019-12-05,5,62.4,53.4,73.5,5.4,29.9,8.626,weekend
2019-12-06,6,66.0,56.4,73.6,7.6,30.0,9.622,weekday
2019-12-07,7,59.0,46.8,65.8,5.6,30.1,9.136,weekday
2019-12-08,8,60.9,54.0,79.5,6.2,29.9,10.543,weekday
2019-12-09,9,73.8,65.6,76.6,6.8,29.7,11.292,weekday
2019-12-10,10,53.4,47.8,81.7,14.8,30.0,9.699,weekend
2019-12-11,11,49.0,36.6,64.3,10.3,30.3,13.174,weekday
2019-12-12,12,50.8,41.9,72.7,3.3,30.1,9.588000000000001,weekday
2019-12-13,13,61.5,50.6,69.0,4.5,29.8,10.588999999999999,weekday
2019-12-14,14,59.6,49.2,72.5,5.4,29.7,9.586,weekend
2019-12-15,15,74.1,66.6,78.7,10.2,29.7,13.107000000000001,weekend
2019-12-16,16,62.9,56.0,78.6,13.2,29.8,10.584000000000001,weekday
2019-12-17,17,45.0,30.3,57.6,14.7,30.2,10.858000000000002,weekday
2019-12-18,18,44.0,26.1,55.0,2.6,30.3,12.578999999999999,weekday
2019-12-19,19,45.5,31.3,61.6,4.5,30.3,13.370999999999997,weekday
2019-12-20,20,49.7,39.3,68.0,7.6,30.2,13.689,vacation
2019-12-21,21,51.7,39.9,64.5,5.6,30.2,7.249999999999999,vacation
2019-12-22,22,51.2,39.8,67.1,7.2,30.1,4.874999999999999,vacation
2019-12-23,23,53.3,39.8,64.5,3.8,30.0,4.95,vacation
2019-12-24,24,57.0,46.7,70.9,2.6,29.9,5.054999999999999,vacation
2019-12-25,25,58.1,52.0,82.0,3.8,29.9,4.935999999999999,vacation
2019-12-26,26,59.7,53.9,83.0,3.5,29.9,5.032,vacation
2019-12-27,27,62.4,59.4,90.0,5.9,29.9,5.173,vacation
2019-12-28,28,69.6,65.0,85.9,10.1,29.7,5.199999999999999,vacation
2019-12-29,29,60.8,51.8,75.6,9.9,29.7,5.308999999999999,vacation
2019-12-30,30,50.3,31.0,51.8,5.7,30.0,4.946999999999998,vacation
2019-12-31,31,48.8,31.3,55.3,2.7,30.1,5.042,vacation
2020-01-01,1,55.0,46.3,73.8,7.3,29.8,4.814,vacation
2020-01-02,2,61.4,59.4,93.0,3.6,29.6,7.019999999999999,weekend
2020-01-03,3,58.0,50.4,77.6,6.2,29.8,9.786999999999999,weekend
2020-01-04,4,54.0,37.2,56.4,5.3,30.2,12.286999999999999,COVID_lockdown
2020-01-05,5,58.3,41.5,59.0,5.7,30.2,9.749999999999998,COVID_lockdown
2020-01-06,6,61.4,50.0,68.8,4.8,30.0,9.284,COVID_lockdown
2020-01-07,7,55.2,30.8,43.6,6.0,30.3,9.055,COVID_lockdown
2020-01-08,8,53.1,43.5,72.1,9.7,30.2,11.105,weekend
2020-01-09,9,69.2,62.4,79.1,13.6,29.9,8.842,weekday
2020-01-10,10,73.6,66.8,79.4,18.1,29.8,9.436999999999998,weekday
2020-01-11,11,54.1,46.1,75.0,11.9,29.9,9.581999999999997,weekend
2020-01-12,12,43.5,38.7,83.8,6.3,30.1,11.825999999999999,weekday
2020-01-13,13,57.4,54.5,90.1,6.8,30.1,9.478,weekday
2020-01-14,14,72.2,68.4,88.2,4.7,30.0,8.629,weekday
2020-01-15,15,72.8,67.9,85.1,7.2,30.0,9.472999999999999,weekday
2020-01-16,16,70.4,66.0,86.1,9.0,30.1,9.187999999999999,weekday
2020-01-17,17,65.2,61.6,88.3,12.7,30.1,8.829999999999998,weekday
2020-01-18,18,68.5,63.2,83.6,6.0,30.0,10.891,weekend
2020-01-19,19,51.5,26.8,41.0,13.5,30.3,9.068999999999999,weekend
2020-01-20,20,49.5,28.1,46.2,7.9,30.4,13.162,weekday
2020-01-21,21,48.8,32.8,56.9,6.4,30.3,13.094999999999997,weekday
2020-01-22,22,52.1,47.7,85.7,13.4,29.9,9.935,weekday
2020-01-23,23,57.5,52.2,83.0,7.1,29.8,9.0,weekday
2020-01-24,24,51.7,38.8,66.9,2.9,30.0,12.290000000000001,weekday
2020-01-25,25,55.2,45.3,71.7,8.8,30.0,9.562000000000001,weekend
2020-01-26,26,62.8,56.4,81.5,5.1,29.9,8.546999999999999,weekend
2020-01-27,27,56.2,51.5,84.9,6.9,29.9,8.524999999999999,weekday
2020-01-28,28,57.8,53.5,85.7,9.1,29.8,10.629,weekday
2020-01-29,29,50.1,40.8,70.4,12.0,29.9,11.729999999999999,weekday
2020-01-30,30,51.6,45.4,79.3,7.6,30.0,11.620000000000001,weekday
2020-01-31,31,51.9,44.8,77.6,5.8,30.0,9.990000000000002,weekday
2020-02-01,1,53.2,37.0,59.9,5.2,30.1,11.121,vacation
2020-02-02,2,61.4,38.8,47.8,7.2,30.0,12.485999999999999,weekend
2020-02-03,3,67.6,58.7,73.3,11.9,29.8,8.387,weekday
2020-02-04,4,70.7,63.6,78.5,8.6,29.7,9.138,COVID_lockdown
2020-02-05,5,48.1,43.0,82.8,13.4,29.6,10.815999999999999,COVID_lockdown
2020-02-06,6,42.1,28.3,62.0,11.5,29.7,11.621999999999998,COVID_lockdown
2020-02-07,7,55.0,35.8,52.8,6.1,29.8,11.847999999999999,weekday
2020-02-08,8,58.8,45.4,63.4,8.2,30.0,9.280000000000001,weekend
2020-02-09,9,67.3,62.3,83.9,11.9,29.9,9.902,weekday
2020-02-10,10,70.4,65.4,84.4,11.3,29.8,10.405999999999997,weekday
2020-02-11,11,53.9,51.3,90.7,10.1,29.9,10.537,weekday
2020-02-12,12,53.9,50.6,88.8,7.7,29.8,12.087000000000002,weekday
2020-02-13,13,49.0,39.8,71.8,10.3,30.1,10.404,weekday
2020-02-14,14,47.5,35.1,65.5,6.1,30.3,10.89,weekday
2020-02-15,15,55.9,48.1,75.2,8.6,30.1,10.948,weekend
2020-02-16,16,63.4,58.3,84.1,4.0,29.9,7.842,weekend
2020-02-17,17,69.0,64.0,84.8,7.8,29.8,10.643999999999998,weekday
2020-02-18,18,71.0,64.9,81.3,8.4,29.9,10.094000000000001,weekday
2020-02-19,19,55.7,51.5,86.2,10.3,30.1,10.818,weekday
2020-02-20,20,48.5,43.2,82.5,15.6,30.2,12.561,weekday
2020-02-21,21,47.3,32.4,58.6,10.1,30.4,11.738,weekday
2020-02-22,22,50.0,35.5,60.1,5.1,30.3,14.460999999999997,weekend
2020-02-23,23,61.0,53.8,77.6,9.8,29.9,10.913,weekend
2020-02-24,24,64.7,57.4,79.3,5.3,29.7,9.379,weekday
2020-02-25,25,60.0,46.0,62.7,7.8,29.8,9.629999999999999,weekday
2020-02-26,26,49.8,28.0,43.5,15.0,30.2,10.203000000000001,weekday
2020-02-27,27,46.6,27.3,51.3,3.3,30.3,12.04,weekday
2020-02-28,28,54.7,34.3,50.8,4.9,30.2,10.770999999999997,weekday
2020-02-29,29,60.0,44.0,59.5,7.8,30.1,10.557,weekend
2020-03-01,1,67.1,59.7,77.5,11.1,29.9,11.372,vacation
2020-03-02,2,70.8,64.2,80.4,6.8,29.7,10.883,weekday
2020-03-03,3,72.6,66.6,82.2,6.6,29.7,9.233,weekday
2020-03-04,4,67.4,63.1,86.0,11.3,29.6,10.177999999999997,COVID_lockdown
2020-03-05,5,62.0,44.5,56.1,11.9,30.1,8.433999999999996,COVID_lockdown
2020-03-06,6,60.3,30.7,36.6,7.8,30.3,8.829999999999998,COVID_lockdown
2020-03-07,7,53.7,39.2,59.7,8.2,30.3,12.418,weekday
2020-03-08,8,60.9,51.4,72.9,13.5,30.2,9.960428570999998,weekday
2020-03-09,9,67.9,61.2,79.7,9.0,30.1,8.550999999999997,weekday
2020-03-10,10,69.7,64.5,84.6,4.2,30.1,8.727999999999998,weekend
2020-03-11,11,70.4,62.5,77.9,6.1,30.0,9.080000000000002,weekday
2020-03-12,12,74.1,63.2,69.8,9.0,29.8,16.130000000000003,weekday
2020-03-13,13,73.7,66.5,78.8,9.7,29.9,16.101,COVID_lockdown
2020-03-14,14,74.4,67.2,79.1,9.8,30.0,11.998999999999999,COVID_lockdown
2020-03-15,15,73.7,66.9,80.5,7.5,30.1,14.986,COVID_lockdown
2020-03-16,16,69.4,64.0,83.5,6.4,30.0,12.332,COVID_lockdown
2020-03-17,17,74.5,66.4,77.2,9.8,30.0,12.842,COVID_lockdown
2020-03-18,18,74.6,66.6,76.8,10.7,29.9,17.623,COVID_lockdown
2020-03-19,19,77.8,67.4,71.1,12.6,29.9,16.37,COVID_lockdown
2020-03-20,20,69.4,66.1,89.3,8.4,30.1,11.243999999999998,COVID_lockdown
2020-03-21,21,57.5,53.9,87.8,10.8,30.1,11.119,COVID_lockdown
2020-03-22,22,67.5,63.1,86.2,7.8,30.0,9.123999999999999,COVID_lockdown
2020-03-23,23,74.7,67.7,79.6,7.4,29.9,11.627999999999998,COVID_lockdown
2020-03-24,24,77.3,67.7,73.7,8.0,29.8,17.808000000000003,COVID_lockdown
2020-03-25,25,76.8,67.5,75.4,7.2,29.8,17.231,COVID_lockdown
2020-03-26,26,74.7,67.2,78.7,7.6,29.8,17.557,COVID_lockdown
2020-03-27,27,78.1,67.0,71.1,10.9,29.7,20.583999999999996,COVID_lockdown
2020-03-28,28,72.6,63.8,74.3,7.8,29.7,12.326000000000002,COVID_lockdown
2020-03-29,29,68.0,48.7,56.2,7.0,30.0,9.466000000000001,COVID_lockdown
2020-03-30,30,72.4,60.7,67.3,8.6,29.9,12.382,COVID_lockdown
2020-03-31,31,70.3,59.2,69.4,10.9,29.8,13.883000000000001,COVID_lockdown
2020-04-01,1,63.1,50.1,65.7,9.2,29.9,10.658,weekend
2020-04-02,2,68.3,60.4,76.0,10.5,29.8,11.968,weekday
2020-04-03,3,71.8,65.0,80.0,8.5,29.8,11.722,weekday
2020-04-04,4,58.6,56.3,91.8,9.9,29.8,9.754000000000001,COVID_lockdown
2020-04-05,5,65.1,59.5,82.6,7.8,29.9,8.334999999999999,COVID_lockdown
2020-04-06,6,71.1,67.4,88.4,5.7,29.9,9.294999999999998,COVID_lockdown
2020-04-07,7,78.1,71.5,81.2,5.0,29.8,17.238,weekend
2020-04-08,8,78.5,70.9,78.0,5.1,29.8,20.329000000000004,weekday
2020-04-09,9,74.9,68.0,79.9,8.3,29.7,22.921999999999997,weekday
2020-04-10,10,68.4,59.2,74.3,9.7,29.9,13.015000000000002,weekend
2020-04-11,11,69.8,61.6,75.4,12.2,29.7,13.309,weekday
2020-04-12,12,79.5,64.0,63.0,11.8,29.5,18.011000000000003,weekday
2020-04-13,13,61.1,45.8,57.8,12.9,29.9,10.324,COVID_lockdown
2020-04-14,14,57.9,44.1,62.6,12.0,30.0,9.255,COVID_lockdown
2020-04-15,15,58.6,41.9,56.5,7.3,30.0,8.234,COVID_lockdown
2020-04-16,16,62.0,48.3,62.5,10.0,30.0,8.947999999999999,COVID_lockdown
2020-04-17,17,70.7,64.2,80.4,5.8,29.9,11.914,COVID_lockdown
2020-04-18,18,68.6,64.3,86.2,7.3,29.8,9.016,COVID_lockdown
2020-04-19,19,73.6,69.8,87.8,6.7,29.6,13.549000000000001,COVID_lockdown
2020-04-20,20,70.3,63.8,81.5,5.7,29.7,15.263999999999998,COVID_lockdown
2020-04-21,21,73.2,65.5,78.8,8.1,29.8,19.43,COVID_lockdown
2020-04-22,22,77.2,70.5,80.1,10.9,29.7,16.744,COVID_lockdown
2020-04-23,23,78.9,62.4,61.3,9.2,29.6,23.879999999999995,COVID_lockdown
2020-04-24,24,75.6,62.3,66.7,8.7,29.7,18.105000000000004,COVID_lockdown
2020-04-25,25,70.8,57.0,63.1,7.9,29.9,13.998000000000001,COVID_lockdown
2020-04-26,26,71.5,51.9,54.2,4.9,30.0,14.570999999999998,COVID_lockdown
2020-04-27,27,72.4,60.6,68.2,12.2,30.0,16.216,COVID_lockdown
2020-04-28,28,78.4,71.4,79.0,10.3,29.8,15.744,COVID_lockdown
2020-04-29,29,70.7,58.1,69.6,10.5,29.9,14.149,COVID_lockdown
2020-04-30,30,70.7,48.6,48.3,4.5,29.9,14.783000000000003,COVID_lockdown
2020-05-01,1,72.8,57.6,61.7,7.3,29.9,13.195,weekend
2020-05-02,2,76.0,64.0,67.7,9.6,29.9,17.135,weekday
2020-05-03,3,79.0,65.2,63.9,8.9,29.9,19.499,weekday
2020-05-04,4,78.7,68.5,72.9,7.8,29.8,22.112000000000002,COVID_lockdown
2020-05-05,5,81.4,70.0,69.4,6.9,29.8,23.301,COVID_lockdown
2020-05-06,6,74.0,55.1,55.8,9.1,30.0,19.904000000000003,COVID_lockdown
2020-05-07,7,73.9,60.5,65.0,11.0,29.9,15.262999999999998,weekend
2020-05-08,8,78.4,65.3,64.7,14.6,29.8,20.59,weekday
2020-05-09,9,67.0,50.3,56.1,11.9,30.0,11.96,weekend
2020-05-10,10,68.8,52.2,58.6,6.6,30.1,12.806,weekday
2020-05-11,11,71.6,55.4,59.5,7.9,30.0,16.659,weekday
2020-05-12,12,75.2,65.4,72.2,13.4,29.9,15.776999999999997,weekend
2020-05-13,13,77.3,68.7,75.9,10.8,29.8,22.825,COVID_lockdown
2020-05-14,14,78.6,70.8,77.9,8.0,29.8,30.765000000000004,COVID_lockdown
2020-05-15,15,75.5,70.5,85.0,8.1,29.7,29.278,COVID_lockdown
2020-05-16,16,72.5,65.7,80.1,8.8,29.6,15.066,COVID_lockdown
2020-05-17,17,75.3,63.3,68.0,8.4,29.8,19.606999999999996,COVID_lockdown
2020-05-18,18,79.8,62.5,59.8,4.1,29.8,31.936999999999994,COVID_lockdown
2020-05-19,19,83.1,68.8,63.8,7.4,29.7,26.067999999999998,COVID_lockdown
2020-05-20,20,81.7,71.5,73.5,6.4,29.7,40.22699999999999,COVID_lockdown
2020-05-21,21,82.3,71.7,71.1,11.2,29.7,29.095,COVID_lockdown
2020-05-22,22,83.3,72.5,71.4,10.3,29.8,37.522999999999996,COVID_lockdown
2020-05-23,23,83.8,73.6,71.9,12.9,29.8,29.179999999999996,COVID_lockdown
2020-05-24,24,77.4,71.0,81.1,12.8,29.7,24.53000000000001,COVID_lockdown
2020-05-25,25,74.4,66.5,77.4,8.6,29.6,18.881,COVID_lockdown
2020-05-26,26,75.5,65.0,72.2,5.9,29.8,19.297,COVID_lockdown
2020-05-27,27,72.6,64.1,76.8,9.6,29.8,16.266,COVID_lockdown
2020-05-28,28,77.2,69.0,76.8,5.5,29.8,22.228,COVID_lockdown
2020-05-29,29,79.0,67.1,69.0,7.7,29.9,29.229,COVID_lockdown
2020-05-30,30,79.3,66.3,65.3,7.1,29.9,19.688,COVID_lockdown
2020-05-31,31,77.6,70.3,79.4,6.4,29.9,23.877000000000006,COVID_lockdown
2020-06-01,1,78.3,69.0,74.5,6.3,30.0,23.794,weekday
2020-06-02,2,81.2,69.5,69.2,6.7,29.9,32.016000000000005,weekday
2020-06-03,3,79.3,72.0,79.3,5.8,29.8,24.891000000000005,weekday
2020-06-04,4,81.6,72.3,75.3,4.2,29.8,33.209,COVID_lockdown
2020-06-05,5,82.6,72.1,72.6,4.3,29.8,34.752,COVID_lockdown
2020-06-06,6,84.7,71.8,66.9,7.0,29.7,30.628,COVID_lockdown
2020-06-07,7,85.0,70.9,64.0,9.8,29.6,37.439,weekday
2020-06-08,8,86.8,72.3,63.2,7.3,29.5,42.939,weekday
2020-06-09,9,86.7,74.7,69.0,8.4,29.6,47.132000000000005,weekend
2020-06-10,10,83.1,58.3,46.5,8.0,29.9,31.555,weekday
2020-06-11,11,79.9,56.4,47.0,5.5,30.1,27.730999999999998,weekday
2020-06-12,12,79.8,59.0,50.8,7.5,30.1,34.504,weekend
2020-06-13,13,81.3,59.1,49.8,7.7,29.9,33.308,COVID_lockdown
2020-06-14,14,81.1,64.9,59.3,7.0,29.9,28.843999999999998,COVID_lockdown
2020-06-15,15,82.4,70.7,69.6,8.1,30.0,42.91799999999999,COVID_lockdown
2020-06-16,16,82.9,66.0,60.8,5.6,30.0,31.603,COVID_lockdown
2020-06-17,17,82.7,65.8,59.3,5.8,29.9,32.157000000000004,COVID_lockdown
2020-06-18,18,81.8,67.0,63.5,7.6,29.9,35.148,COVID_lockdown
2020-06-19,19,80.6,70.8,73.0,9.6,29.9,27.460999999999995,COVID_lockdown
2020-06-20,20,79.8,72.9,80.3,6.0,29.9,25.064999999999998,COVID_lockdown
2020-06-21,21,82.7,73.1,73.8,7.8,29.8,37.979,COVID_lockdown
2020-06-22,22,76.2,71.8,86.5,6.9,29.8,22.005,COVID_lockdown
2020-06-23,23,80.3,71.5,75.8,6.3,29.8,25.947,COVID_lockdown
2020-06-24,24,78.0,72.3,83.3,5.9,29.7,26.119,COVID_lockdown
2020-06-25,25,76.6,72.7,87.8,4.9,29.8,23.333000000000002,COVID_lockdown
2020-06-26,26,81.0,75.2,82.5,6.2,29.9,24.384000000000004,COVID_lockdown
2020-06-27,27,84.2,75.5,76.0,9.3,29.9,29.456999999999997,COVID_lockdown
2020-06-28,28,84.7,75.1,74.0,10.3,29.8,31.111,COVID_lockdown
2020-06-29,29,85.5,75.5,72.2,11.8,29.8,31.601999999999997,COVID_lockdown
2020-06-30,30,86.6,75.5,70.2,10.4,29.8,39.537000000000006,COVID_lockdown
2020-07-01,1,86.4,75.5,71.0,9.8,29.8,39.824999999999996,weekday
2020-07-02,2,88.0,74.6,66.2,6.0,29.8,44.567,weekday
2020-07-03,3,84.7,72.8,69.6,6.3,29.9,39.659000000000006,COVID_lockdown
2020-07-04,4,84.6,72.9,70.5,3.6,29.8,38.071,COVID_lockdown
2020-07-05,5,85.4,73.5,69.0,6.2,29.7,36.565000000000005,COVID_lockdown
2020-07-06,6,85.5,75.5,71.9,6.0,29.8,39.89999999999999,COVID_lockdown
2020-07-07,7,84.5,76.0,76.6,6.1,29.8,38.483,weekday
